group,name,version,license,optional,installScript,review,lockPath
development,@adobe/css-tools,4.4.4,MIT,false,false,permissive-or-public-domain,node_modules/@adobe/css-tools
development,@asamuzakjp/css-color,5.0.1,MIT,false,false,permissive-or-public-domain,node_modules/@asamuzakjp/css-color
development,@asamuzakjp/css-color/node_modules/lru-cache,11.2.7,BlueOak-1.0.0,false,false,permissive-or-public-domain,node_modules/@asamuzakjp/css-color/node_modules/lru-cache
development,@asamuzakjp/dom-selector,7.0.4,MIT,false,false,permissive-or-public-domain,node_modules/@asamuzakjp/dom-selector
development,@asamuzakjp/dom-selector/node_modules/lru-cache,11.2.7,BlueOak-1.0.0,false,false,permissive-or-public-domain,node_modules/@asamuzakjp/dom-selector/node_modules/lru-cache
development,@asamuzakjp/nwsapi,2.3.9,MIT,false,false,permissive-or-public-domain,node_modules/@asamuzakjp/nwsapi
development,@babel/code-frame,7.29.0,MIT,false,false,permissive-or-public-domain,node_modules/@babel/code-frame
development,@babel/compat-data,7.29.0,MIT,false,false,permissive-or-public-domain,node_modules/@babel/compat-data
development,@babel/core,7.29.0,MIT,false,false,permissive-or-public-domain,node_modules/@babel/core
development,@babel/generator,7.29.1,MIT,false,false,permissive-or-public-domain,node_modules/@babel/generator
development,@babel/helper-compilation-targets,7.28.6,MIT,false,false,permissive-or-public-domain,node_modules/@babel/helper-compilation-targets
development,@babel/helper-globals,7.28.0,MIT,false,false,permissive-or-public-domain,node_modules/@babel/helper-globals
development,@babel/helper-module-imports,7.28.6,MIT,false,false,permissive-or-public-domain,node_modules/@babel/helper-module-imports
development,@babel/helper-module-transforms,7.28.6,MIT,false,false,permissive-or-public-domain,node_modules/@babel/helper-module-transforms
development,@babel/helper-plugin-utils,7.28.6,MIT,false,false,permissive-or-public-domain,node_modules/@babel/helper-plugin-utils
development,@babel/helper-string-parser,7.27.1,MIT,false,false,permissive-or-public-domain,node_modules/@babel/helper-string-parser
development,@babel/helper-validator-identifier,7.28.5,MIT,false,false,permissive-or-public-domain,node_modules/@babel/helper-validator-identifier
development,@babel/helper-validator-option,7.27.1,MIT,false,false,permissive-or-public-domain,node_modules/@babel/helper-validator-option
development,@babel/helpers,7.28.6,MIT,false,false,permissive-or-public-domain,node_modules/@babel/helpers
development,@babel/parser,7.29.0,MIT,false,false,permissive-or-public-domain,node_modules/@babel/parser
development,@babel/plugin-transform-arrow-functions,7.27.1,MIT,false,false,permissive-or-public-domain,node_modules/@babel/plugin-transform-arrow-functions
development,@babel/plugin-transform-react-jsx-self,7.27.1,MIT,false,false,permissive-or-public-domain,node_modules/@babel/plugin-transform-react-jsx-self
development,@babel/plugin-transform-react-jsx-source,7.27.1,MIT,false,false,permissive-or-public-domain,node_modules/@babel/plugin-transform-react-jsx-source
development,@babel/runtime,7.29.2,MIT,false,false,permissive-or-public-domain,node_modules/@babel/runtime
development,@babel/template,7.28.6,MIT,false,false,permissive-or-public-domain,node_modules/@babel/template
development,@babel/traverse,7.29.0,MIT,false,false,permissive-or-public-domain,node_modules/@babel/traverse
development,@babel/types,7.29.0,MIT,false,false,permissive-or-public-domain,node_modules/@babel/types
development,@bramus/specificity,2.4.2,MIT,false,false,permissive-or-public-domain,node_modules/@bramus/specificity
development,@csstools/color-helpers,6.0.2,MIT-0,false,false,permissive-or-public-domain,node_modules/@csstools/color-helpers
development,@csstools/css-calc,3.1.1,MIT,false,false,permissive-or-public-domain,node_modules/@csstools/css-calc
development,@csstools/css-color-parser,4.0.2,MIT,false,false,permissive-or-public-domain,node_modules/@csstools/css-color-parser
development,@csstools/css-parser-algorithms,4.0.0,MIT,false,false,permissive-or-public-domain,node_modules/@csstools/css-parser-algorithms
development,@csstools/css-syntax-patches-for-csstree,1.1.1,MIT-0,false,false,permissive-or-public-domain,node_modules/@csstools/css-syntax-patches-for-csstree
development,@csstools/css-tokenizer,4.0.0,MIT,false,false,permissive-or-public-domain,node_modules/@csstools/css-tokenizer
development,@develar/schema-utils,2.6.5,MIT,false,false,permissive-or-public-domain,node_modules/@develar/schema-utils
development,@electron-toolkit/eslint-config-ts,3.1.0,MIT,false,false,permissive-or-public-domain,node_modules/@electron-toolkit/eslint-config-ts
development,@electron/asar,3.4.1,MIT,false,false,permissive-or-public-domain,node_modules/@electron/asar
development,@electron/asar/node_modules/balanced-match,1.0.2,MIT,false,false,permissive-or-public-domain,node_modules/@electron/asar/node_modules/balanced-match
development,@electron/asar/node_modules/brace-expansion,1.1.12,MIT,false,false,permissive-or-public-domain,node_modules/@electron/asar/node_modules/brace-expansion
development,@electron/asar/node_modules/minimatch,3.1.5,ISC,false,false,permissive-or-public-domain,node_modules/@electron/asar/node_modules/minimatch
development,@electron/fuses,1.8.0,MIT,false,false,permissive-or-public-domain,node_modules/@electron/fuses
development,@electron/fuses/node_modules/fs-extra,9.1.0,MIT,false,false,permissive-or-public-domain,node_modules/@electron/fuses/node_modules/fs-extra
development,@electron/fuses/node_modules/jsonfile,6.2.0,MIT,false,false,permissive-or-public-domain,node_modules/@electron/fuses/node_modules/jsonfile
development,@electron/fuses/node_modules/universalify,2.0.1,MIT,false,false,permissive-or-public-domain,node_modules/@electron/fuses/node_modules/universalify
development,@electron/notarize,2.5.0,MIT,false,false,permissive-or-public-domain,node_modules/@electron/notarize
development,@electron/notarize/node_modules/fs-extra,9.1.0,MIT,false,false,permissive-or-public-domain,node_modules/@electron/notarize/node_modules/fs-extra
development,@electron/notarize/node_modules/jsonfile,6.2.0,MIT,false,false,permissive-or-public-domain,node_modules/@electron/notarize/node_modules/jsonfile
development,@electron/notarize/node_modules/universalify,2.0.1,MIT,false,false,permissive-or-public-domain,node_modules/@electron/notarize/node_modules/universalify
development,@electron/osx-sign,1.3.3,BSD-2-Clause,false,false,permissive-or-public-domain,node_modules/@electron/osx-sign
development,@electron/osx-sign/node_modules/fs-extra,10.1.0,MIT,false,false,permissive-or-public-domain,node_modules/@electron/osx-sign/node_modules/fs-extra
development,@electron/osx-sign/node_modules/isbinaryfile,4.0.10,MIT,false,false,permissive-or-public-domain,node_modules/@electron/osx-sign/node_modules/isbinaryfile
development,@electron/osx-sign/node_modules/jsonfile,6.2.0,MIT,false,false,permissive-or-public-domain,node_modules/@electron/osx-sign/node_modules/jsonfile
development,@electron/osx-sign/node_modules/universalify,2.0.1,MIT,false,false,permissive-or-public-domain,node_modules/@electron/osx-sign/node_modules/universalify
development,@electron/rebuild,4.0.3,MIT,false,false,permissive-or-public-domain,node_modules/@electron/rebuild
development,@electron/rebuild/node_modules/semver,7.7.4,ISC,false,false,permissive-or-public-domain,node_modules/@electron/rebuild/node_modules/semver
development,@electron/universal,2.0.3,MIT,false,false,permissive-or-public-domain,node_modules/@electron/universal
development,@electron/universal/node_modules/balanced-match,1.0.2,MIT,false,false,permissive-or-public-domain,node_modules/@electron/universal/node_modules/balanced-match
development,@electron/universal/node_modules/brace-expansion,2.0.2,MIT,false,false,permissive-or-public-domain,node_modules/@electron/universal/node_modules/brace-expansion
development,@electron/universal/node_modules/fs-extra,11.3.4,MIT,false,false,permissive-or-public-domain,node_modules/@electron/universal/node_modules/fs-extra
development,@electron/universal/node_modules/jsonfile,6.2.0,MIT,false,false,permissive-or-public-domain,node_modules/@electron/universal/node_modules/jsonfile
development,@electron/universal/node_modules/minimatch,9.0.9,ISC,false,false,permissive-or-public-domain,node_modules/@electron/universal/node_modules/minimatch
development,@electron/universal/node_modules/universalify,2.0.1,MIT,false,false,permissive-or-public-domain,node_modules/@electron/universal/node_modules/universalify
development,@electron/windows-sign,1.2.2,BSD-2-Clause,true,false,permissive-or-public-domain,node_modules/@electron/windows-sign
development,@electron/windows-sign/node_modules/fs-extra,11.3.4,MIT,true,false,permissive-or-public-domain,node_modules/@electron/windows-sign/node_modules/fs-extra
development,@electron/windows-sign/node_modules/jsonfile,6.2.0,MIT,true,false,permissive-or-public-domain,node_modules/@electron/windows-sign/node_modules/jsonfile
development,@electron/windows-sign/node_modules/universalify,2.0.1,MIT,true,false,permissive-or-public-domain,node_modules/@electron/windows-sign/node_modules/universalify
development,@esbuild/aix-ppc64,0.25.12,MIT,true,false,permissive-or-public-domain,node_modules/@esbuild/aix-ppc64
development,@esbuild/android-arm,0.25.12,MIT,true,false,permissive-or-public-domain,node_modules/@esbuild/android-arm
development,@esbuild/android-arm64,0.25.12,MIT,true,false,permissive-or-public-domain,node_modules/@esbuild/android-arm64
development,@esbuild/android-x64,0.25.12,MIT,true,false,permissive-or-public-domain,node_modules/@esbuild/android-x64
development,@esbuild/darwin-arm64,0.25.12,MIT,true,false,permissive-or-public-domain,node_modules/@esbuild/darwin-arm64
development,@esbuild/darwin-x64,0.25.12,MIT,true,false,permissive-or-public-domain,node_modules/@esbuild/darwin-x64
development,@esbuild/freebsd-arm64,0.25.12,MIT,true,false,permissive-or-public-domain,node_modules/@esbuild/freebsd-arm64
development,@esbuild/freebsd-x64,0.25.12,MIT,true,false,permissive-or-public-domain,node_modules/@esbuild/freebsd-x64
development,@esbuild/linux-arm,0.25.12,MIT,true,false,permissive-or-public-domain,node_modules/@esbuild/linux-arm
development,@esbuild/linux-arm64,0.25.12,MIT,true,false,permissive-or-public-domain,node_modules/@esbuild/linux-arm64
development,@esbuild/linux-ia32,0.25.12,MIT,true,false,permissive-or-public-domain,node_modules/@esbuild/linux-ia32
development,@esbuild/linux-loong64,0.25.12,MIT,true,false,permissive-or-public-domain,node_modules/@esbuild/linux-loong64
development,@esbuild/linux-mips64el,0.25.12,MIT,true,false,permissive-or-public-domain,node_modules/@esbuild/linux-mips64el
development,@esbuild/linux-ppc64,0.25.12,MIT,true,false,permissive-or-public-domain,node_modules/@esbuild/linux-ppc64
development,@esbuild/linux-riscv64,0.25.12,MIT,true,false,permissive-or-public-domain,node_modules/@esbuild/linux-riscv64
development,@esbuild/linux-s390x,0.25.12,MIT,true,false,permissive-or-public-domain,node_modules/@esbuild/linux-s390x
development,@esbuild/linux-x64,0.25.12,MIT,true,false,permissive-or-public-domain,node_modules/@esbuild/linux-x64
development,@esbuild/netbsd-arm64,0.25.12,MIT,true,false,permissive-or-public-domain,node_modules/@esbuild/netbsd-arm64
development,@esbuild/netbsd-x64,0.25.12,MIT,true,false,permissive-or-public-domain,node_modules/@esbuild/netbsd-x64
development,@esbuild/openbsd-arm64,0.25.12,MIT,true,false,permissive-or-public-domain,node_modules/@esbuild/openbsd-arm64
development,@esbuild/openbsd-x64,0.25.12,MIT,true,false,permissive-or-public-domain,node_modules/@esbuild/openbsd-x64
development,@esbuild/openharmony-arm64,0.25.12,MIT,true,false,permissive-or-public-domain,node_modules/@esbuild/openharmony-arm64
development,@esbuild/sunos-x64,0.25.12,MIT,true,false,permissive-or-public-domain,node_modules/@esbuild/sunos-x64
development,@esbuild/win32-arm64,0.25.12,MIT,true,false,permissive-or-public-domain,node_modules/@esbuild/win32-arm64
development,@esbuild/win32-ia32,0.25.12,MIT,true,false,permissive-or-public-domain,node_modules/@esbuild/win32-ia32
development,@esbuild/win32-x64,0.25.12,MIT,true,false,permissive-or-public-domain,node_modules/@esbuild/win32-x64
development,@eslint-community/eslint-utils,4.9.1,MIT,false,false,permissive-or-public-domain,node_modules/@eslint-community/eslint-utils
development,@eslint-community/eslint-utils/node_modules/eslint-visitor-keys,3.4.3,Apache-2.0,false,false,permissive-or-public-domain,node_modules/@eslint-community/eslint-utils/node_modules/eslint-visitor-keys
development,@eslint-community/regexpp,4.12.2,MIT,false,false,permissive-or-public-domain,node_modules/@eslint-community/regexpp
development,@eslint/config-array,0.23.2,Apache-2.0,false,false,permissive-or-public-domain,node_modules/@eslint/config-array
development,@eslint/config-helpers,0.5.2,Apache-2.0,false,false,permissive-or-public-domain,node_modules/@eslint/config-helpers
development,@eslint/core,1.1.0,Apache-2.0,false,false,permissive-or-public-domain,node_modules/@eslint/core
development,@eslint/js,9.39.3,MIT,false,false,permissive-or-public-domain,node_modules/@eslint/js
development,@eslint/object-schema,3.0.2,Apache-2.0,false,false,permissive-or-public-domain,node_modules/@eslint/object-schema
development,@eslint/plugin-kit,0.6.0,Apache-2.0,false,false,permissive-or-public-domain,node_modules/@eslint/plugin-kit
development,@exodus/bytes,1.15.0,MIT,false,false,permissive-or-public-domain,node_modules/@exodus/bytes
development,@humanfs/core,0.19.1,Apache-2.0,false,false,permissive-or-public-domain,node_modules/@humanfs/core
development,@humanfs/node,0.16.7,Apache-2.0,false,false,permissive-or-public-domain,node_modules/@humanfs/node
development,@humanwhocodes/module-importer,1.0.1,Apache-2.0,false,false,permissive-or-public-domain,node_modules/@humanwhocodes/module-importer
development,@humanwhocodes/retry,0.4.3,Apache-2.0,false,false,permissive-or-public-domain,node_modules/@humanwhocodes/retry
development,@isaacs/cliui,8.0.2,ISC,false,false,permissive-or-public-domain,node_modules/@isaacs/cliui
development,@isaacs/cliui/node_modules/ansi-regex,6.2.2,MIT,false,false,permissive-or-public-domain,node_modules/@isaacs/cliui/node_modules/ansi-regex
development,@isaacs/cliui/node_modules/ansi-styles,6.2.3,MIT,false,false,permissive-or-public-domain,node_modules/@isaacs/cliui/node_modules/ansi-styles
development,@isaacs/cliui/node_modules/emoji-regex,9.2.2,MIT,false,false,permissive-or-public-domain,node_modules/@isaacs/cliui/node_modules/emoji-regex
development,@isaacs/cliui/node_modules/string-width,5.1.2,MIT,false,false,permissive-or-public-domain,node_modules/@isaacs/cliui/node_modules/string-width
development,@isaacs/cliui/node_modules/strip-ansi,7.2.0,MIT,false,false,permissive-or-public-domain,node_modules/@isaacs/cliui/node_modules/strip-ansi
development,@isaacs/cliui/node_modules/wrap-ansi,8.1.0,MIT,false,false,permissive-or-public-domain,node_modules/@isaacs/cliui/node_modules/wrap-ansi
development,@isaacs/fs-minipass,4.0.1,ISC,false,false,permissive-or-public-domain,node_modules/@isaacs/fs-minipass
development,@jridgewell/gen-mapping,0.3.13,MIT,false,false,permissive-or-public-domain,node_modules/@jridgewell/gen-mapping
development,@jridgewell/remapping,2.3.5,MIT,false,false,permissive-or-public-domain,node_modules/@jridgewell/remapping
development,@jridgewell/resolve-uri,3.1.2,MIT,false,false,permissive-or-public-domain,node_modules/@jridgewell/resolve-uri
development,@jridgewell/sourcemap-codec,1.5.5,MIT,false,false,permissive-or-public-domain,node_modules/@jridgewell/sourcemap-codec
development,@jridgewell/trace-mapping,0.3.31,MIT,false,false,permissive-or-public-domain,node_modules/@jridgewell/trace-mapping
development,@malept/cross-spawn-promise,2.0.0,Apache-2.0,false,false,permissive-or-public-domain,node_modules/@malept/cross-spawn-promise
development,@malept/flatpak-bundler,0.4.0,MIT,false,false,permissive-or-public-domain,node_modules/@malept/flatpak-bundler
development,@malept/flatpak-bundler/node_modules/fs-extra,9.1.0,MIT,false,false,permissive-or-public-domain,node_modules/@malept/flatpak-bundler/node_modules/fs-extra
development,@malept/flatpak-bundler/node_modules/jsonfile,6.2.0,MIT,false,false,permissive-or-public-domain,node_modules/@malept/flatpak-bundler/node_modules/jsonfile
development,@malept/flatpak-bundler/node_modules/universalify,2.0.1,MIT,false,false,permissive-or-public-domain,node_modules/@malept/flatpak-bundler/node_modules/universalify
development,@npmcli/agent,3.0.0,ISC,false,false,permissive-or-public-domain,node_modules/@npmcli/agent
development,@npmcli/agent/node_modules/lru-cache,10.4.3,ISC,false,false,permissive-or-public-domain,node_modules/@npmcli/agent/node_modules/lru-cache
development,@npmcli/fs,4.0.0,ISC,false,false,permissive-or-public-domain,node_modules/@npmcli/fs
development,@npmcli/fs/node_modules/semver,7.7.4,ISC,false,false,permissive-or-public-domain,node_modules/@npmcli/fs/node_modules/semver
development,@pkgjs/parseargs,0.11.0,MIT,true,false,permissive-or-public-domain,node_modules/@pkgjs/parseargs
development,@playwright/test,1.58.2,Apache-2.0,false,false,permissive-or-public-domain,node_modules/@playwright/test
development,@rolldown/pluginutils,1.0.0-rc.3,MIT,false,false,permissive-or-public-domain,node_modules/@rolldown/pluginutils
development,@rollup/rollup-android-arm-eabi,4.59.0,MIT,true,false,permissive-or-public-domain,node_modules/@rollup/rollup-android-arm-eabi
development,@rollup/rollup-android-arm64,4.59.0,MIT,true,false,permissive-or-public-domain,node_modules/@rollup/rollup-android-arm64
development,@rollup/rollup-darwin-arm64,4.59.0,MIT,true,false,permissive-or-public-domain,node_modules/@rollup/rollup-darwin-arm64
development,@rollup/rollup-darwin-x64,4.59.0,MIT,true,false,permissive-or-public-domain,node_modules/@rollup/rollup-darwin-x64
development,@rollup/rollup-freebsd-arm64,4.59.0,MIT,true,false,permissive-or-public-domain,node_modules/@rollup/rollup-freebsd-arm64
development,@rollup/rollup-freebsd-x64,4.59.0,MIT,true,false,permissive-or-public-domain,node_modules/@rollup/rollup-freebsd-x64
development,@rollup/rollup-linux-arm-gnueabihf,4.59.0,MIT,true,false,permissive-or-public-domain,node_modules/@rollup/rollup-linux-arm-gnueabihf
development,@rollup/rollup-linux-arm-musleabihf,4.59.0,MIT,true,false,permissive-or-public-domain,node_modules/@rollup/rollup-linux-arm-musleabihf
development,@rollup/rollup-linux-arm64-gnu,4.59.0,MIT,true,false,permissive-or-public-domain,node_modules/@rollup/rollup-linux-arm64-gnu
development,@rollup/rollup-linux-arm64-musl,4.59.0,MIT,true,false,permissive-or-public-domain,node_modules/@rollup/rollup-linux-arm64-musl
development,@rollup/rollup-linux-loong64-gnu,4.59.0,MIT,true,false,permissive-or-public-domain,node_modules/@rollup/rollup-linux-loong64-gnu
development,@rollup/rollup-linux-loong64-musl,4.59.0,MIT,true,false,permissive-or-public-domain,node_modules/@rollup/rollup-linux-loong64-musl
development,@rollup/rollup-linux-ppc64-gnu,4.59.0,MIT,true,false,permissive-or-public-domain,node_modules/@rollup/rollup-linux-ppc64-gnu
development,@rollup/rollup-linux-ppc64-musl,4.59.0,MIT,true,false,permissive-or-public-domain,node_modules/@rollup/rollup-linux-ppc64-musl
development,@rollup/rollup-linux-riscv64-gnu,4.59.0,MIT,true,false,permissive-or-public-domain,node_modules/@rollup/rollup-linux-riscv64-gnu
development,@rollup/rollup-linux-riscv64-musl,4.59.0,MIT,true,false,permissive-or-public-domain,node_modules/@rollup/rollup-linux-riscv64-musl
development,@rollup/rollup-linux-s390x-gnu,4.59.0,MIT,true,false,permissive-or-public-domain,node_modules/@rollup/rollup-linux-s390x-gnu
development,@rollup/rollup-linux-x64-gnu,4.59.0,MIT,true,false,permissive-or-public-domain,node_modules/@rollup/rollup-linux-x64-gnu
development,@rollup/rollup-linux-x64-musl,4.59.0,MIT,true,false,permissive-or-public-domain,node_modules/@rollup/rollup-linux-x64-musl
development,@rollup/rollup-openbsd-x64,4.59.0,MIT,true,false,permissive-or-public-domain,node_modules/@rollup/rollup-openbsd-x64
development,@rollup/rollup-openharmony-arm64,4.59.0,MIT,true,false,permissive-or-public-domain,node_modules/@rollup/rollup-openharmony-arm64
development,@rollup/rollup-win32-arm64-msvc,4.59.0,MIT,true,false,permissive-or-public-domain,node_modules/@rollup/rollup-win32-arm64-msvc
development,@rollup/rollup-win32-ia32-msvc,4.59.0,MIT,true,false,permissive-or-public-domain,node_modules/@rollup/rollup-win32-ia32-msvc
development,@rollup/rollup-win32-x64-gnu,4.59.0,MIT,true,false,permissive-or-public-domain,node_modules/@rollup/rollup-win32-x64-gnu
development,@rollup/rollup-win32-x64-msvc,4.59.0,MIT,true,false,permissive-or-public-domain,node_modules/@rollup/rollup-win32-x64-msvc
development,@sindresorhus/is,4.6.0,MIT,false,false,permissive-or-public-domain,node_modules/@sindresorhus/is
development,@szmarczak/http-timer,4.0.6,MIT,false,false,permissive-or-public-domain,node_modules/@szmarczak/http-timer
development,@tailwindcss/node,4.2.1,MIT,false,false,permissive-or-public-domain,node_modules/@tailwindcss/node
development,@tailwindcss/oxide,4.2.1,MIT,false,false,permissive-or-public-domain,node_modules/@tailwindcss/oxide
development,@tailwindcss/oxide-android-arm64,4.2.1,MIT,true,false,permissive-or-public-domain,node_modules/@tailwindcss/oxide-android-arm64
development,@tailwindcss/oxide-darwin-arm64,4.2.1,MIT,true,false,permissive-or-public-domain,node_modules/@tailwindcss/oxide-darwin-arm64
development,@tailwindcss/oxide-darwin-x64,4.2.1,MIT,true,false,permissive-or-public-domain,node_modules/@tailwindcss/oxide-darwin-x64
development,@tailwindcss/oxide-freebsd-x64,4.2.1,MIT,true,false,permissive-or-public-domain,node_modules/@tailwindcss/oxide-freebsd-x64
development,@tailwindcss/oxide-linux-arm-gnueabihf,4.2.1,MIT,true,false,permissive-or-public-domain,node_modules/@tailwindcss/oxide-linux-arm-gnueabihf
development,@tailwindcss/oxide-linux-arm64-gnu,4.2.1,MIT,true,false,permissive-or-public-domain,node_modules/@tailwindcss/oxide-linux-arm64-gnu
development,@tailwindcss/oxide-linux-arm64-musl,4.2.1,MIT,true,false,permissive-or-public-domain,node_modules/@tailwindcss/oxide-linux-arm64-musl
development,@tailwindcss/oxide-linux-x64-gnu,4.2.1,MIT,true,false,permissive-or-public-domain,node_modules/@tailwindcss/oxide-linux-x64-gnu
development,@tailwindcss/oxide-linux-x64-musl,4.2.1,MIT,true,false,permissive-or-public-domain,node_modules/@tailwindcss/oxide-linux-x64-musl
development,@tailwindcss/oxide-wasm32-wasi,4.2.1,MIT,true,false,permissive-or-public-domain,node_modules/@tailwindcss/oxide-wasm32-wasi
development,@tailwindcss/oxide-win32-arm64-msvc,4.2.1,MIT,true,false,permissive-or-public-domain,node_modules/@tailwindcss/oxide-win32-arm64-msvc
development,@tailwindcss/oxide-win32-x64-msvc,4.2.1,MIT,true,false,permissive-or-public-domain,node_modules/@tailwindcss/oxide-win32-x64-msvc
development,@tailwindcss/vite,4.2.1,MIT,false,false,permissive-or-public-domain,node_modules/@tailwindcss/vite
development,@testing-library/dom,10.4.1,MIT,false,false,permissive-or-public-domain,node_modules/@testing-library/dom
development,@testing-library/jest-dom,6.9.1,MIT,false,false,permissive-or-public-domain,node_modules/@testing-library/jest-dom
development,@testing-library/jest-dom/node_modules/dom-accessibility-api,0.6.3,MIT,false,false,permissive-or-public-domain,node_modules/@testing-library/jest-dom/node_modules/dom-accessibility-api
development,@testing-library/react,16.3.2,MIT,false,false,permissive-or-public-domain,node_modules/@testing-library/react
development,@types/aria-query,5.0.4,MIT,false,false,permissive-or-public-domain,node_modules/@types/aria-query
development,@types/babel__core,7.20.5,MIT,false,false,permissive-or-public-domain,node_modules/@types/babel__core
development,@types/babel__generator,7.27.0,MIT,false,false,permissive-or-public-domain,node_modules/@types/babel__generator
development,@types/babel__template,7.4.4,MIT,false,false,permissive-or-public-domain,node_modules/@types/babel__template
development,@types/babel__traverse,7.28.0,MIT,false,false,permissive-or-public-domain,node_modules/@types/babel__traverse
development,@types/better-sqlite3,7.6.13,MIT,false,false,permissive-or-public-domain,node_modules/@types/better-sqlite3
development,@types/cacheable-request,6.0.3,MIT,false,false,permissive-or-public-domain,node_modules/@types/cacheable-request
development,@types/chai,5.2.3,MIT,false,false,permissive-or-public-domain,node_modules/@types/chai
development,@types/deep-eql,4.0.2,MIT,false,false,permissive-or-public-domain,node_modules/@types/deep-eql
development,@types/esrecurse,4.3.1,MIT,false,false,permissive-or-public-domain,node_modules/@types/esrecurse
development,@types/fs-extra,9.0.13,MIT,false,false,permissive-or-public-domain,node_modules/@types/fs-extra
development,@types/http-cache-semantics,4.2.0,MIT,false,false,permissive-or-public-domain,node_modules/@types/http-cache-semantics
development,@types/json-schema,7.0.15,MIT,false,false,permissive-or-public-domain,node_modules/@types/json-schema
development,@types/keyv,3.1.4,MIT,false,false,permissive-or-public-domain,node_modules/@types/keyv
development,@types/node,25.3.3,MIT,false,false,permissive-or-public-domain,node_modules/@types/node
development,@types/plist,3.0.5,MIT,true,false,permissive-or-public-domain,node_modules/@types/plist
development,@types/react-dom,19.2.3,MIT,false,false,permissive-or-public-domain,node_modules/@types/react-dom
development,@types/responselike,1.0.3,MIT,false,false,permissive-or-public-domain,node_modules/@types/responselike
development,@types/verror,1.10.11,MIT,true,false,permissive-or-public-domain,node_modules/@types/verror
development,@typescript-eslint/eslint-plugin,8.56.1,MIT,false,false,permissive-or-public-domain,node_modules/@typescript-eslint/eslint-plugin
development,@typescript-eslint/eslint-plugin/node_modules/ignore,7.0.5,MIT,false,false,permissive-or-public-domain,node_modules/@typescript-eslint/eslint-plugin/node_modules/ignore
development,@typescript-eslint/parser,8.56.1,MIT,false,false,permissive-or-public-domain,node_modules/@typescript-eslint/parser
development,@typescript-eslint/project-service,8.56.1,MIT,false,false,permissive-or-public-domain,node_modules/@typescript-eslint/project-service
development,@typescript-eslint/scope-manager,8.56.1,MIT,false,false,permissive-or-public-domain,node_modules/@typescript-eslint/scope-manager
development,@typescript-eslint/tsconfig-utils,8.56.1,MIT,false,false,permissive-or-public-domain,node_modules/@typescript-eslint/tsconfig-utils
development,@typescript-eslint/type-utils,8.56.1,MIT,false,false,permissive-or-public-domain,node_modules/@typescript-eslint/type-utils
development,@typescript-eslint/types,8.56.1,MIT,false,false,permissive-or-public-domain,node_modules/@typescript-eslint/types
development,@typescript-eslint/typescript-estree,8.56.1,MIT,false,false,permissive-or-public-domain,node_modules/@typescript-eslint/typescript-estree
development,@typescript-eslint/typescript-estree/node_modules/semver,7.7.4,ISC,false,false,permissive-or-public-domain,node_modules/@typescript-eslint/typescript-estree/node_modules/semver
development,@typescript-eslint/utils,8.56.1,MIT,false,false,permissive-or-public-domain,node_modules/@typescript-eslint/utils
development,@typescript-eslint/visitor-keys,8.56.1,MIT,false,false,permissive-or-public-domain,node_modules/@typescript-eslint/visitor-keys
development,@vitejs/plugin-react,5.1.4,MIT,false,false,permissive-or-public-domain,node_modules/@vitejs/plugin-react
development,@vitest/expect,4.1.0,MIT,false,false,permissive-or-public-domain,node_modules/@vitest/expect
development,@vitest/mocker,4.1.0,MIT,false,false,permissive-or-public-domain,node_modules/@vitest/mocker
development,@vitest/pretty-format,4.1.0,MIT,false,false,permissive-or-public-domain,node_modules/@vitest/pretty-format
development,@vitest/runner,4.1.0,MIT,false,false,permissive-or-public-domain,node_modules/@vitest/runner
development,@vitest/snapshot,4.1.0,MIT,false,false,permissive-or-public-domain,node_modules/@vitest/snapshot
development,@vitest/spy,4.1.0,MIT,false,false,permissive-or-public-domain,node_modules/@vitest/spy
development,@vitest/utils,4.1.0,MIT,false,false,permissive-or-public-domain,node_modules/@vitest/utils
development,@xmldom/xmldom,0.8.13,MIT,false,false,permissive-or-public-domain,node_modules/@xmldom/xmldom
development,7zip-bin,5.2.0,MIT,false,false,permissive-or-public-domain,node_modules/7zip-bin
development,abbrev,3.0.1,ISC,false,false,permissive-or-public-domain,node_modules/abbrev
development,acorn,8.16.0,MIT,false,false,permissive-or-public-domain,node_modules/acorn
development,acorn-jsx,5.3.2,MIT,false,false,permissive-or-public-domain,node_modules/acorn-jsx
development,agent-base,7.1.4,MIT,false,false,permissive-or-public-domain,node_modules/agent-base
development,ajv,6.14.0,MIT,false,false,permissive-or-public-domain,node_modules/ajv
development,ajv-keywords,3.5.2,MIT,false,false,permissive-or-public-domain,node_modules/ajv-keywords
development,ansi-regex,5.0.1,MIT,false,false,permissive-or-public-domain,node_modules/ansi-regex
development,ansi-styles,4.3.0,MIT,false,false,permissive-or-public-domain,node_modules/ansi-styles
development,app-builder-bin,5.0.0-alpha.12,MIT,false,false,permissive-or-public-domain,node_modules/app-builder-bin
development,app-builder-lib,26.8.1,MIT,false,false,permissive-or-public-domain,node_modules/app-builder-lib
development,app-builder-lib/node_modules/@electron/get,3.1.0,MIT,false,false,permissive-or-public-domain,node_modules/app-builder-lib/node_modules/@electron/get
development,app-builder-lib/node_modules/@electron/get/node_modules/fs-extra,8.1.0,MIT,false,false,permissive-or-public-domain,node_modules/app-builder-lib/node_modules/@electron/get/node_modules/fs-extra
development,app-builder-lib/node_modules/@electron/get/node_modules/semver,6.3.1,ISC,false,false,permissive-or-public-domain,node_modules/app-builder-lib/node_modules/@electron/get/node_modules/semver
development,app-builder-lib/node_modules/ci-info,4.3.1,MIT,false,false,permissive-or-public-domain,node_modules/app-builder-lib/node_modules/ci-info
development,app-builder-lib/node_modules/fs-extra,10.1.0,MIT,false,false,permissive-or-public-domain,node_modules/app-builder-lib/node_modules/fs-extra
development,app-builder-lib/node_modules/fs-extra/node_modules/jsonfile,6.2.0,MIT,false,false,permissive-or-public-domain,node_modules/app-builder-lib/node_modules/fs-extra/node_modules/jsonfile
development,app-builder-lib/node_modules/fs-extra/node_modules/universalify,2.0.1,MIT,false,false,permissive-or-public-domain,node_modules/app-builder-lib/node_modules/fs-extra/node_modules/universalify
development,app-builder-lib/node_modules/semver,7.7.4,ISC,false,false,permissive-or-public-domain,node_modules/app-builder-lib/node_modules/semver
development,aria-query,5.3.0,Apache-2.0,false,false,permissive-or-public-domain,node_modules/aria-query
development,assert-plus,1.0.0,MIT,true,false,permissive-or-public-domain,node_modules/assert-plus
development,assertion-error,2.0.1,MIT,false,false,permissive-or-public-domain,node_modules/assertion-error
development,astral-regex,2.0.0,MIT,true,false,permissive-or-public-domain,node_modules/astral-regex
development,async,3.2.6,MIT,false,false,permissive-or-public-domain,node_modules/async
development,async-exit-hook,2.0.1,MIT,false,false,permissive-or-public-domain,node_modules/async-exit-hook
development,asynckit,0.4.0,MIT,false,false,permissive-or-public-domain,node_modules/asynckit
development,at-least-node,1.0.0,ISC,false,false,permissive-or-public-domain,node_modules/at-least-node
development,balanced-match,4.0.4,MIT,false,false,permissive-or-public-domain,node_modules/balanced-match
development,base64-js,1.5.1,MIT,false,false,permissive-or-public-domain,node_modules/base64-js
development,baseline-browser-mapping,2.10.0,Apache-2.0,false,false,permissive-or-public-domain,node_modules/baseline-browser-mapping
development,bidi-js,1.0.3,MIT,false,false,permissive-or-public-domain,node_modules/bidi-js
development,bl,4.1.0,MIT,false,false,permissive-or-public-domain,node_modules/bl
development,boolean,3.2.0,MIT,true,false,permissive-or-public-domain,node_modules/boolean
development,brace-expansion,5.0.4,MIT,false,false,permissive-or-public-domain,node_modules/brace-expansion
development,browserslist,4.28.1,MIT,false,false,permissive-or-public-domain,node_modules/browserslist
development,buffer,5.7.1,MIT,false,false,permissive-or-public-domain,node_modules/buffer
development,buffer-from,1.1.2,MIT,false,false,permissive-or-public-domain,node_modules/buffer-from
development,builder-util,26.8.1,MIT,false,false,permissive-or-public-domain,node_modules/builder-util
development,builder-util-runtime,9.5.1,MIT,false,false,permissive-or-public-domain,node_modules/builder-util-runtime
development,builder-util/node_modules/fs-extra,10.1.0,MIT,false,false,permissive-or-public-domain,node_modules/builder-util/node_modules/fs-extra
development,builder-util/node_modules/jsonfile,6.2.0,MIT,false,false,permissive-or-public-domain,node_modules/builder-util/node_modules/jsonfile
development,builder-util/node_modules/universalify,2.0.1,MIT,false,false,permissive-or-public-domain,node_modules/builder-util/node_modules/universalify
development,cac,6.7.14,MIT,false,false,permissive-or-public-domain,node_modules/cac
development,cacache,19.0.1,ISC,false,false,permissive-or-public-domain,node_modules/cacache
development,cacache/node_modules/balanced-match,1.0.2,MIT,false,false,permissive-or-public-domain,node_modules/cacache/node_modules/balanced-match
development,cacache/node_modules/brace-expansion,2.0.2,MIT,false,false,permissive-or-public-domain,node_modules/cacache/node_modules/brace-expansion
development,cacache/node_modules/glob,10.4.5,ISC,false,false,permissive-or-public-domain,node_modules/cacache/node_modules/glob
development,cacache/node_modules/lru-cache,10.4.3,ISC,false,false,permissive-or-public-domain,node_modules/cacache/node_modules/lru-cache
development,cacache/node_modules/minimatch,9.0.9,ISC,false,false,permissive-or-public-domain,node_modules/cacache/node_modules/minimatch
development,cacheable-lookup,5.0.4,MIT,false,false,permissive-or-public-domain,node_modules/cacheable-lookup
development,cacheable-request,7.0.4,MIT,false,false,permissive-or-public-domain,node_modules/cacheable-request
development,call-bind-apply-helpers,1.0.2,MIT,false,false,permissive-or-public-domain,node_modules/call-bind-apply-helpers
development,caniuse-lite,1.0.30001776,CC-BY-4.0,false,false,manual-attribution-review,node_modules/caniuse-lite
development,chai,6.2.2,MIT,false,false,permissive-or-public-domain,node_modules/chai
development,chalk,4.1.2,MIT,false,false,permissive-or-public-domain,node_modules/chalk
development,chownr,3.0.0,BlueOak-1.0.0,false,false,permissive-or-public-domain,node_modules/chownr
development,chromium-pickle-js,0.2.0,MIT,false,false,permissive-or-public-domain,node_modules/chromium-pickle-js
development,ci-info,4.4.0,MIT,false,false,permissive-or-public-domain,node_modules/ci-info
development,cli-cursor,3.1.0,MIT,false,false,permissive-or-public-domain,node_modules/cli-cursor
development,cli-spinners,2.9.2,MIT,false,false,permissive-or-public-domain,node_modules/cli-spinners
development,cli-truncate,2.1.0,MIT,true,false,permissive-or-public-domain,node_modules/cli-truncate
development,cliui,8.0.1,ISC,false,false,permissive-or-public-domain,node_modules/cliui
development,clone,1.0.4,MIT,false,false,permissive-or-public-domain,node_modules/clone
development,clone-response,1.0.3,MIT,false,false,permissive-or-public-domain,node_modules/clone-response
development,color-convert,2.0.1,MIT,false,false,permissive-or-public-domain,node_modules/color-convert
development,color-name,1.1.4,MIT,false,false,permissive-or-public-domain,node_modules/color-name
development,combined-stream,1.0.8,MIT,false,false,permissive-or-public-domain,node_modules/combined-stream
development,commander,5.1.0,MIT,false,false,permissive-or-public-domain,node_modules/commander
development,compare-version,0.1.2,MIT,false,false,permissive-or-public-domain,node_modules/compare-version
development,concat-map,0.0.1,MIT,false,false,permissive-or-public-domain,node_modules/concat-map
development,convert-source-map,2.0.0,MIT,false,false,permissive-or-public-domain,node_modules/convert-source-map
development,core-util-is,1.0.2,MIT,true,false,permissive-or-public-domain,node_modules/core-util-is
development,crc,3.8.0,MIT,true,false,permissive-or-public-domain,node_modules/crc
development,cross-dirname,0.1.0,MIT,true,false,permissive-or-public-domain,node_modules/cross-dirname
development,cross-spawn,7.0.6,MIT,false,false,permissive-or-public-domain,node_modules/cross-spawn
development,cross-spawn/node_modules/isexe,2.0.0,ISC,false,false,permissive-or-public-domain,node_modules/cross-spawn/node_modules/isexe
development,cross-spawn/node_modules/which,2.0.2,ISC,false,false,permissive-or-public-domain,node_modules/cross-spawn/node_modules/which
development,css-tree,3.2.1,MIT,false,false,permissive-or-public-domain,node_modules/css-tree
development,css.escape,1.5.1,MIT,false,false,permissive-or-public-domain,node_modules/css.escape
development,data-urls,7.0.0,MIT,false,false,permissive-or-public-domain,node_modules/data-urls
development,decimal.js,10.6.0,MIT,false,false,permissive-or-public-domain,node_modules/decimal.js
development,decompress-response,6.0.0,MIT,false,false,permissive-or-public-domain,node_modules/decompress-response
development,decompress-response/node_modules/mimic-response,3.1.0,MIT,false,false,permissive-or-public-domain,node_modules/decompress-response/node_modules/mimic-response
development,deep-is,0.1.4,MIT,false,false,permissive-or-public-domain,node_modules/deep-is
development,defaults,1.0.4,MIT,false,false,permissive-or-public-domain,node_modules/defaults
development,defer-to-connect,2.0.1,MIT,false,false,permissive-or-public-domain,node_modules/defer-to-connect
development,define-data-property,1.1.4,MIT,true,false,permissive-or-public-domain,node_modules/define-data-property
development,define-properties,1.2.1,MIT,true,false,permissive-or-public-domain,node_modules/define-properties
development,delayed-stream,1.0.0,MIT,false,false,permissive-or-public-domain,node_modules/delayed-stream
development,detect-libc,2.1.2,Apache-2.0,false,false,permissive-or-public-domain,node_modules/detect-libc
development,detect-node,2.1.0,MIT,true,false,permissive-or-public-domain,node_modules/detect-node
development,dir-compare,4.2.0,MIT,false,false,permissive-or-public-domain,node_modules/dir-compare
development,dir-compare/node_modules/balanced-match,1.0.2,MIT,false,false,permissive-or-public-domain,node_modules/dir-compare/node_modules/balanced-match
development,dir-compare/node_modules/brace-expansion,1.1.12,MIT,false,false,permissive-or-public-domain,node_modules/dir-compare/node_modules/brace-expansion
development,dir-compare/node_modules/minimatch,3.1.5,ISC,false,false,permissive-or-public-domain,node_modules/dir-compare/node_modules/minimatch
development,dmg-builder,26.8.1,MIT,false,false,permissive-or-public-domain,node_modules/dmg-builder
development,dmg-builder/node_modules/fs-extra,10.1.0,MIT,false,false,permissive-or-public-domain,node_modules/dmg-builder/node_modules/fs-extra
development,dmg-builder/node_modules/jsonfile,6.2.0,MIT,false,false,permissive-or-public-domain,node_modules/dmg-builder/node_modules/jsonfile
development,dmg-builder/node_modules/universalify,2.0.1,MIT,false,false,permissive-or-public-domain,node_modules/dmg-builder/node_modules/universalify
development,dmg-license,1.0.11,MIT,true,false,permissive-or-public-domain,node_modules/dmg-license
development,dom-accessibility-api,0.5.16,MIT,false,false,permissive-or-public-domain,node_modules/dom-accessibility-api
development,dotenv,16.6.1,BSD-2-Clause,false,false,permissive-or-public-domain,node_modules/dotenv
development,dotenv-expand,11.0.7,BSD-2-Clause,false,false,permissive-or-public-domain,node_modules/dotenv-expand
development,dunder-proto,1.0.1,MIT,false,false,permissive-or-public-domain,node_modules/dunder-proto
development,eastasianwidth,0.2.0,MIT,false,false,permissive-or-public-domain,node_modules/eastasianwidth
development,ejs,3.1.10,Apache-2.0,false,false,permissive-or-public-domain,node_modules/ejs
development,electron-builder,26.8.1,MIT,false,false,permissive-or-public-domain,node_modules/electron-builder
development,electron-builder-squirrel-windows,26.8.1,MIT,false,false,permissive-or-public-domain,node_modules/electron-builder-squirrel-windows
development,electron-builder/node_modules/fs-extra,10.1.0,MIT,false,false,permissive-or-public-domain,node_modules/electron-builder/node_modules/fs-extra
development,electron-builder/node_modules/jsonfile,6.2.0,MIT,false,false,permissive-or-public-domain,node_modules/electron-builder/node_modules/jsonfile
development,electron-builder/node_modules/universalify,2.0.1,MIT,false,false,permissive-or-public-domain,node_modules/electron-builder/node_modules/universalify
development,electron-publish,26.8.1,MIT,false,false,permissive-or-public-domain,node_modules/electron-publish
development,electron-publish/node_modules/fs-extra,10.1.0,MIT,false,false,permissive-or-public-domain,node_modules/electron-publish/node_modules/fs-extra
development,electron-publish/node_modules/jsonfile,6.2.0,MIT,false,false,permissive-or-public-domain,node_modules/electron-publish/node_modules/jsonfile
development,electron-publish/node_modules/universalify,2.0.1,MIT,false,false,permissive-or-public-domain,node_modules/electron-publish/node_modules/universalify
development,electron-to-chromium,1.5.307,ISC,false,false,permissive-or-public-domain,node_modules/electron-to-chromium
development,electron-vite,5.0.0,MIT,false,false,permissive-or-public-domain,node_modules/electron-vite
development,electron-winstaller,5.4.0,MIT,false,true,permissive-or-public-domain,node_modules/electron-winstaller
development,electron-winstaller/node_modules/fs-extra,7.0.1,MIT,false,false,permissive-or-public-domain,node_modules/electron-winstaller/node_modules/fs-extra
development,emoji-regex,8.0.0,MIT,false,false,permissive-or-public-domain,node_modules/emoji-regex
development,encoding,0.1.13,MIT,true,false,permissive-or-public-domain,node_modules/encoding
development,end-of-stream,1.4.5,MIT,false,false,permissive-or-public-domain,node_modules/end-of-stream
development,enhanced-resolve,5.20.0,MIT,false,false,permissive-or-public-domain,node_modules/enhanced-resolve
development,entities,6.0.1,BSD-2-Clause,false,false,permissive-or-public-domain,node_modules/entities
development,env-paths,2.2.1,MIT,false,false,permissive-or-public-domain,node_modules/env-paths
development,err-code,2.0.3,MIT,false,false,permissive-or-public-domain,node_modules/err-code
development,es-define-property,1.0.1,MIT,false,false,permissive-or-public-domain,node_modules/es-define-property
development,es-errors,1.3.0,MIT,false,false,permissive-or-public-domain,node_modules/es-errors
development,es-module-lexer,2.0.0,MIT,false,false,permissive-or-public-domain,node_modules/es-module-lexer
development,es-object-atoms,1.1.1,MIT,false,false,permissive-or-public-domain,node_modules/es-object-atoms
development,es-set-tostringtag,2.1.0,MIT,false,false,permissive-or-public-domain,node_modules/es-set-tostringtag
development,es6-error,4.1.1,MIT,true,false,permissive-or-public-domain,node_modules/es6-error
development,esbuild,0.25.12,MIT,false,true,permissive-or-public-domain,node_modules/esbuild
development,escalade,3.2.0,MIT,false,false,permissive-or-public-domain,node_modules/escalade
development,escape-string-regexp,4.0.0,MIT,false,false,permissive-or-public-domain,node_modules/escape-string-regexp
development,eslint,10.0.2,MIT,false,false,permissive-or-public-domain,node_modules/eslint
development,eslint-scope,9.1.1,BSD-2-Clause,false,false,permissive-or-public-domain,node_modules/eslint-scope
development,eslint-visitor-keys,5.0.1,Apache-2.0,false,false,permissive-or-public-domain,node_modules/eslint-visitor-keys
development,espree,11.1.1,BSD-2-Clause,false,false,permissive-or-public-domain,node_modules/espree
development,esquery,1.7.0,BSD-3-Clause,false,false,permissive-or-public-domain,node_modules/esquery
development,esrecurse,4.3.0,BSD-2-Clause,false,false,permissive-or-public-domain,node_modules/esrecurse
development,estraverse,5.3.0,BSD-2-Clause,false,false,permissive-or-public-domain,node_modules/estraverse
development,estree-walker,3.0.3,MIT,false,false,permissive-or-public-domain,node_modules/estree-walker
development,esutils,2.0.3,BSD-2-Clause,false,false,permissive-or-public-domain,node_modules/esutils
development,expect-type,1.3.0,Apache-2.0,false,false,permissive-or-public-domain,node_modules/expect-type
development,exponential-backoff,3.1.3,Apache-2.0,false,false,permissive-or-public-domain,node_modules/exponential-backoff
development,extsprintf,1.4.1,MIT,true,false,permissive-or-public-domain,node_modules/extsprintf
development,fast-deep-equal,3.1.3,MIT,false,false,permissive-or-public-domain,node_modules/fast-deep-equal
development,fast-json-stable-stringify,2.1.0,MIT,false,false,permissive-or-public-domain,node_modules/fast-json-stable-stringify
development,fast-levenshtein,2.0.6,MIT,false,false,permissive-or-public-domain,node_modules/fast-levenshtein
development,fdir,6.5.0,MIT,false,false,permissive-or-public-domain,node_modules/fdir
development,file-entry-cache,8.0.0,MIT,false,false,permissive-or-public-domain,node_modules/file-entry-cache
development,filelist,1.0.6,Apache-2.0,false,false,permissive-or-public-domain,node_modules/filelist
development,filelist/node_modules/balanced-match,1.0.2,MIT,false,false,permissive-or-public-domain,node_modules/filelist/node_modules/balanced-match
development,filelist/node_modules/brace-expansion,2.0.2,MIT,false,false,permissive-or-public-domain,node_modules/filelist/node_modules/brace-expansion
development,filelist/node_modules/minimatch,5.1.9,ISC,false,false,permissive-or-public-domain,node_modules/filelist/node_modules/minimatch
development,find-up,5.0.0,MIT,false,false,permissive-or-public-domain,node_modules/find-up
development,flat-cache,4.0.1,MIT,false,false,permissive-or-public-domain,node_modules/flat-cache
development,flatted,3.3.4,ISC,false,false,permissive-or-public-domain,node_modules/flatted
development,foreground-child,3.3.1,ISC,false,false,permissive-or-public-domain,node_modules/foreground-child
development,foreground-child/node_modules/signal-exit,4.1.0,ISC,false,false,permissive-or-public-domain,node_modules/foreground-child/node_modules/signal-exit
development,form-data,4.0.5,MIT,false,false,permissive-or-public-domain,node_modules/form-data
development,fs-minipass,3.0.3,ISC,false,false,permissive-or-public-domain,node_modules/fs-minipass
development,fs.realpath,1.0.0,ISC,false,false,permissive-or-public-domain,node_modules/fs.realpath
development,function-bind,1.1.2,MIT,false,false,permissive-or-public-domain,node_modules/function-bind
development,gensync,1.0.0-beta.2,MIT,false,false,permissive-or-public-domain,node_modules/gensync
development,get-caller-file,2.0.5,ISC,false,false,permissive-or-public-domain,node_modules/get-caller-file
development,get-intrinsic,1.3.0,MIT,false,false,permissive-or-public-domain,node_modules/get-intrinsic
development,get-proto,1.0.1,MIT,false,false,permissive-or-public-domain,node_modules/get-proto
development,get-stream,5.2.0,MIT,false,false,permissive-or-public-domain,node_modules/get-stream
development,glob,7.2.3,ISC,false,false,permissive-or-public-domain,node_modules/glob
development,glob-parent,6.0.2,ISC,false,false,permissive-or-public-domain,node_modules/glob-parent
development,glob/node_modules/balanced-match,1.0.2,MIT,false,false,permissive-or-public-domain,node_modules/glob/node_modules/balanced-match
development,glob/node_modules/brace-expansion,1.1.12,MIT,false,false,permissive-or-public-domain,node_modules/glob/node_modules/brace-expansion
development,glob/node_modules/minimatch,3.1.5,ISC,false,false,permissive-or-public-domain,node_modules/glob/node_modules/minimatch
development,global-agent,3.0.0,BSD-3-Clause,true,false,permissive-or-public-domain,node_modules/global-agent
development,global-agent/node_modules/semver,7.7.4,ISC,true,false,permissive-or-public-domain,node_modules/global-agent/node_modules/semver
development,globals,16.5.0,MIT,false,false,permissive-or-public-domain,node_modules/globals
development,globalthis,1.0.4,MIT,true,false,permissive-or-public-domain,node_modules/globalthis
development,gopd,1.2.0,MIT,false,false,permissive-or-public-domain,node_modules/gopd
development,got,11.8.6,MIT,false,false,permissive-or-public-domain,node_modules/got
development,has-flag,4.0.0,MIT,false,false,permissive-or-public-domain,node_modules/has-flag
development,has-property-descriptors,1.0.2,MIT,true,false,permissive-or-public-domain,node_modules/has-property-descriptors
development,has-symbols,1.1.0,MIT,false,false,permissive-or-public-domain,node_modules/has-symbols
development,has-tostringtag,1.0.2,MIT,false,false,permissive-or-public-domain,node_modules/has-tostringtag
development,hasown,2.0.2,MIT,false,false,permissive-or-public-domain,node_modules/hasown
development,hosted-git-info,4.1.0,ISC,false,false,permissive-or-public-domain,node_modules/hosted-git-info
development,hosted-git-info/node_modules/lru-cache,6.0.0,ISC,false,false,permissive-or-public-domain,node_modules/hosted-git-info/node_modules/lru-cache
development,hosted-git-info/node_modules/yallist,4.0.0,ISC,false,false,permissive-or-public-domain,node_modules/hosted-git-info/node_modules/yallist
development,html-encoding-sniffer,6.0.0,MIT,false,false,permissive-or-public-domain,node_modules/html-encoding-sniffer
development,http-cache-semantics,4.2.0,BSD-2-Clause,false,false,permissive-or-public-domain,node_modules/http-cache-semantics
development,http-proxy-agent,7.0.2,MIT,false,false,permissive-or-public-domain,node_modules/http-proxy-agent
development,http2-wrapper,1.0.3,MIT,false,false,permissive-or-public-domain,node_modules/http2-wrapper
development,https-proxy-agent,7.0.6,MIT,false,false,permissive-or-public-domain,node_modules/https-proxy-agent
development,iconv-corefoundation,1.1.7,MIT,true,false,permissive-or-public-domain,node_modules/iconv-corefoundation
development,iconv-lite,0.6.3,MIT,false,false,permissive-or-public-domain,node_modules/iconv-lite
development,ieee754,1.2.1,BSD-3-Clause,false,false,permissive-or-public-domain,node_modules/ieee754
development,ignore,5.3.2,MIT,false,false,permissive-or-public-domain,node_modules/ignore
development,imurmurhash,0.1.4,MIT,false,false,permissive-or-public-domain,node_modules/imurmurhash
development,indent-string,4.0.0,MIT,false,false,permissive-or-public-domain,node_modules/indent-string
development,inflight,1.0.6,ISC,false,false,permissive-or-public-domain,node_modules/inflight
development,inherits,2.0.4,ISC,false,false,permissive-or-public-domain,node_modules/inherits
development,ip-address,10.1.0,MIT,false,false,permissive-or-public-domain,node_modules/ip-address
development,is-extglob,2.1.1,MIT,false,false,permissive-or-public-domain,node_modules/is-extglob
development,is-fullwidth-code-point,3.0.0,MIT,false,false,permissive-or-public-domain,node_modules/is-fullwidth-code-point
development,is-glob,4.0.3,MIT,false,false,permissive-or-public-domain,node_modules/is-glob
development,is-interactive,1.0.0,MIT,false,false,permissive-or-public-domain,node_modules/is-interactive
development,is-potential-custom-element-name,1.0.1,MIT,false,false,permissive-or-public-domain,node_modules/is-potential-custom-element-name
development,is-unicode-supported,0.1.0,MIT,false,false,permissive-or-public-domain,node_modules/is-unicode-supported
development,isbinaryfile,5.0.7,MIT,false,false,permissive-or-public-domain,node_modules/isbinaryfile
development,isexe,3.1.5,BlueOak-1.0.0,false,false,permissive-or-public-domain,node_modules/isexe
development,jackspeak,3.4.3,BlueOak-1.0.0,false,false,permissive-or-public-domain,node_modules/jackspeak
development,jake,10.9.4,Apache-2.0,false,false,permissive-or-public-domain,node_modules/jake
development,jiti,2.6.1,MIT,false,false,permissive-or-public-domain,node_modules/jiti
development,js-tokens,4.0.0,MIT,false,false,permissive-or-public-domain,node_modules/js-tokens
development,jsdom,29.0.1,MIT,false,false,permissive-or-public-domain,node_modules/jsdom
development,jsdom/node_modules/lru-cache,11.2.7,BlueOak-1.0.0,false,false,permissive-or-public-domain,node_modules/jsdom/node_modules/lru-cache
development,jsesc,3.1.0,MIT,false,false,permissive-or-public-domain,node_modules/jsesc
development,json-buffer,3.0.1,MIT,false,false,permissive-or-public-domain,node_modules/json-buffer
development,json-schema-traverse,0.4.1,MIT,false,false,permissive-or-public-domain,node_modules/json-schema-traverse
development,json-stable-stringify-without-jsonify,1.0.1,MIT,false,false,permissive-or-public-domain,node_modules/json-stable-stringify-without-jsonify
development,json-stringify-safe,5.0.1,ISC,true,false,permissive-or-public-domain,node_modules/json-stringify-safe
development,json5,2.2.3,MIT,false,false,permissive-or-public-domain,node_modules/json5
development,jsonfile,4.0.0,MIT,false,false,permissive-or-public-domain,node_modules/jsonfile
development,keyv,4.5.4,MIT,false,false,permissive-or-public-domain,node_modules/keyv
development,levn,0.4.1,MIT,false,false,permissive-or-public-domain,node_modules/levn
development,lightningcss,1.31.1,MPL-2.0,false,false,manual-copyleft-review,node_modules/lightningcss
development,lightningcss-android-arm64,1.31.1,MPL-2.0,true,false,manual-copyleft-review,node_modules/lightningcss-android-arm64
development,lightningcss-darwin-arm64,1.31.1,MPL-2.0,true,false,manual-copyleft-review,node_modules/lightningcss-darwin-arm64
development,lightningcss-darwin-x64,1.31.1,MPL-2.0,true,false,manual-copyleft-review,node_modules/lightningcss-darwin-x64
development,lightningcss-freebsd-x64,1.31.1,MPL-2.0,true,false,manual-copyleft-review,node_modules/lightningcss-freebsd-x64
development,lightningcss-linux-arm-gnueabihf,1.31.1,MPL-2.0,true,false,manual-copyleft-review,node_modules/lightningcss-linux-arm-gnueabihf
development,lightningcss-linux-arm64-gnu,1.31.1,MPL-2.0,true,false,manual-copyleft-review,node_modules/lightningcss-linux-arm64-gnu
development,lightningcss-linux-arm64-musl,1.31.1,MPL-2.0,true,false,manual-copyleft-review,node_modules/lightningcss-linux-arm64-musl
development,lightningcss-linux-x64-gnu,1.31.1,MPL-2.0,true,false,manual-copyleft-review,node_modules/lightningcss-linux-x64-gnu
development,lightningcss-linux-x64-musl,1.31.1,MPL-2.0,true,false,manual-copyleft-review,node_modules/lightningcss-linux-x64-musl
development,lightningcss-win32-arm64-msvc,1.31.1,MPL-2.0,true,false,manual-copyleft-review,node_modules/lightningcss-win32-arm64-msvc
development,lightningcss-win32-x64-msvc,1.31.1,MPL-2.0,true,false,manual-copyleft-review,node_modules/lightningcss-win32-x64-msvc
development,locate-path,6.0.0,MIT,false,false,permissive-or-public-domain,node_modules/locate-path
development,lodash,4.17.23,MIT,false,false,permissive-or-public-domain,node_modules/lodash
development,log-symbols,4.1.0,MIT,false,false,permissive-or-public-domain,node_modules/log-symbols
development,lowercase-keys,2.0.0,MIT,false,false,permissive-or-public-domain,node_modules/lowercase-keys
development,lru-cache,5.1.1,ISC,false,false,permissive-or-public-domain,node_modules/lru-cache
development,lz-string,1.5.0,MIT,false,false,permissive-or-public-domain,node_modules/lz-string
development,magic-string,0.30.21,MIT,false,false,permissive-or-public-domain,node_modules/magic-string
development,make-fetch-happen,14.0.3,ISC,false,false,permissive-or-public-domain,node_modules/make-fetch-happen
development,matcher,3.0.0,MIT,true,false,permissive-or-public-domain,node_modules/matcher
development,math-intrinsics,1.1.0,MIT,false,false,permissive-or-public-domain,node_modules/math-intrinsics
development,mdn-data,2.27.1,CC0-1.0,false,false,permissive-or-public-domain,node_modules/mdn-data
development,mime,2.6.0,MIT,false,false,permissive-or-public-domain,node_modules/mime
development,mime-db,1.52.0,MIT,false,false,permissive-or-public-domain,node_modules/mime-db
development,mime-types,2.1.35,MIT,false,false,permissive-or-public-domain,node_modules/mime-types
development,mimic-fn,2.1.0,MIT,false,false,permissive-or-public-domain,node_modules/mimic-fn
development,mimic-response,1.0.1,MIT,false,false,permissive-or-public-domain,node_modules/mimic-response
development,min-indent,1.0.1,MIT,false,false,permissive-or-public-domain,node_modules/min-indent
development,minimatch,10.2.4,BlueOak-1.0.0,false,false,permissive-or-public-domain,node_modules/minimatch
development,minimist,1.2.8,MIT,false,false,permissive-or-public-domain,node_modules/minimist
development,minipass,7.1.3,BlueOak-1.0.0,false,false,permissive-or-public-domain,node_modules/minipass
development,minipass-collect,2.0.1,ISC,false,false,permissive-or-public-domain,node_modules/minipass-collect
development,minipass-fetch,4.0.1,MIT,false,false,permissive-or-public-domain,node_modules/minipass-fetch
development,minipass-flush,1.0.5,ISC,false,false,permissive-or-public-domain,node_modules/minipass-flush
development,minipass-flush/node_modules/minipass,3.3.6,ISC,false,false,permissive-or-public-domain,node_modules/minipass-flush/node_modules/minipass
development,minipass-flush/node_modules/yallist,4.0.0,ISC,false,false,permissive-or-public-domain,node_modules/minipass-flush/node_modules/yallist
development,minipass-pipeline,1.2.4,ISC,false,false,permissive-or-public-domain,node_modules/minipass-pipeline
development,minipass-pipeline/node_modules/minipass,3.3.6,ISC,false,false,permissive-or-public-domain,node_modules/minipass-pipeline/node_modules/minipass
development,minipass-pipeline/node_modules/yallist,4.0.0,ISC,false,false,permissive-or-public-domain,node_modules/minipass-pipeline/node_modules/yallist
development,minipass-sized,1.0.3,ISC,false,false,permissive-or-public-domain,node_modules/minipass-sized
development,minipass-sized/node_modules/minipass,3.3.6,ISC,false,false,permissive-or-public-domain,node_modules/minipass-sized/node_modules/minipass
development,minipass-sized/node_modules/yallist,4.0.0,ISC,false,false,permissive-or-public-domain,node_modules/minipass-sized/node_modules/yallist
development,minizlib,3.1.0,MIT,false,false,permissive-or-public-domain,node_modules/minizlib
development,mkdirp,0.5.6,MIT,false,false,permissive-or-public-domain,node_modules/mkdirp
development,nanoid,3.3.11,MIT,false,false,permissive-or-public-domain,node_modules/nanoid
development,natural-compare,1.4.0,MIT,false,false,permissive-or-public-domain,node_modules/natural-compare
development,negotiator,1.0.0,MIT,false,false,permissive-or-public-domain,node_modules/negotiator
development,node-abi,4.26.0,MIT,false,false,permissive-or-public-domain,node_modules/node-abi
development,node-abi/node_modules/semver,7.7.4,ISC,false,false,permissive-or-public-domain,node_modules/node-abi/node_modules/semver
development,node-addon-api,1.7.2,MIT,true,false,permissive-or-public-domain,node_modules/node-addon-api
development,node-api-version,0.2.1,MIT,false,false,permissive-or-public-domain,node_modules/node-api-version
development,node-api-version/node_modules/semver,7.7.4,ISC,false,false,permissive-or-public-domain,node_modules/node-api-version/node_modules/semver
development,node-gyp,11.5.0,MIT,false,false,permissive-or-public-domain,node_modules/node-gyp
development,node-gyp/node_modules/semver,7.7.4,ISC,false,false,permissive-or-public-domain,node_modules/node-gyp/node_modules/semver
development,node-releases,2.0.36,MIT,false,false,permissive-or-public-domain,node_modules/node-releases
development,nopt,8.1.0,ISC,false,false,permissive-or-public-domain,node_modules/nopt
development,normalize-url,6.1.0,MIT,false,false,permissive-or-public-domain,node_modules/normalize-url
development,object-keys,1.1.1,MIT,true,false,permissive-or-public-domain,node_modules/object-keys
development,obug,2.1.1,MIT,false,false,permissive-or-public-domain,node_modules/obug
development,once,1.4.0,ISC,false,false,permissive-or-public-domain,node_modules/once
development,onetime,5.1.2,MIT,false,false,permissive-or-public-domain,node_modules/onetime
development,optionator,0.9.4,MIT,false,false,permissive-or-public-domain,node_modules/optionator
development,ora,5.4.1,MIT,false,false,permissive-or-public-domain,node_modules/ora
development,p-cancelable,2.1.1,MIT,false,false,permissive-or-public-domain,node_modules/p-cancelable
development,p-limit,3.1.0,MIT,false,false,permissive-or-public-domain,node_modules/p-limit
development,p-locate,5.0.0,MIT,false,false,permissive-or-public-domain,node_modules/p-locate
development,p-map,7.0.4,MIT,false,false,permissive-or-public-domain,node_modules/p-map
development,package-json-from-dist,1.0.1,BlueOak-1.0.0,false,false,permissive-or-public-domain,node_modules/package-json-from-dist
development,parse5,8.0.0,MIT,false,false,permissive-or-public-domain,node_modules/parse5
development,path-exists,4.0.0,MIT,false,false,permissive-or-public-domain,node_modules/path-exists
development,path-is-absolute,1.0.1,MIT,false,false,permissive-or-public-domain,node_modules/path-is-absolute
development,path-key,3.1.1,MIT,false,false,permissive-or-public-domain,node_modules/path-key
development,path-scurry,1.11.1,BlueOak-1.0.0,false,false,permissive-or-public-domain,node_modules/path-scurry
development,path-scurry/node_modules/lru-cache,10.4.3,ISC,false,false,permissive-or-public-domain,node_modules/path-scurry/node_modules/lru-cache
development,pathe,2.0.3,MIT,false,false,permissive-or-public-domain,node_modules/pathe
development,pe-library,0.4.1,MIT,false,false,permissive-or-public-domain,node_modules/pe-library
development,picocolors,1.1.1,ISC,false,false,permissive-or-public-domain,node_modules/picocolors
development,picomatch,4.0.3,MIT,false,false,permissive-or-public-domain,node_modules/picomatch
development,playwright,1.58.2,Apache-2.0,false,false,permissive-or-public-domain,node_modules/playwright
development,playwright-core,1.58.2,Apache-2.0,false,false,permissive-or-public-domain,node_modules/playwright-core
development,playwright/node_modules/fsevents,2.3.2,MIT,true,true,permissive-or-public-domain,node_modules/playwright/node_modules/fsevents
development,plist,3.1.0,MIT,false,false,permissive-or-public-domain,node_modules/plist
development,postcss,8.5.8,MIT,false,false,permissive-or-public-domain,node_modules/postcss
development,postject,1.0.0-alpha.6,MIT,true,false,permissive-or-public-domain,node_modules/postject
development,postject/node_modules/commander,9.5.0,MIT,true,false,permissive-or-public-domain,node_modules/postject/node_modules/commander
development,prelude-ls,1.2.1,MIT,false,false,permissive-or-public-domain,node_modules/prelude-ls
development,pretty-format,27.5.1,MIT,false,false,permissive-or-public-domain,node_modules/pretty-format
development,pretty-format/node_modules/ansi-styles,5.2.0,MIT,false,false,permissive-or-public-domain,node_modules/pretty-format/node_modules/ansi-styles
development,proc-log,5.0.0,ISC,false,false,permissive-or-public-domain,node_modules/proc-log
development,promise-retry,2.0.1,MIT,false,false,permissive-or-public-domain,node_modules/promise-retry
development,proper-lockfile,4.1.2,MIT,false,false,permissive-or-public-domain,node_modules/proper-lockfile
development,pump,3.0.4,MIT,false,false,permissive-or-public-domain,node_modules/pump
development,punycode,2.3.1,MIT,false,false,permissive-or-public-domain,node_modules/punycode
development,quick-lru,5.1.1,MIT,false,false,permissive-or-public-domain,node_modules/quick-lru
development,react-refresh,0.18.0,MIT,false,false,permissive-or-public-domain,node_modules/react-refresh
development,read-binary-file-arch,1.0.6,MIT,false,false,permissive-or-public-domain,node_modules/read-binary-file-arch
development,readable-stream,3.6.2,MIT,false,false,permissive-or-public-domain,node_modules/readable-stream
development,redent,3.0.0,MIT,false,false,permissive-or-public-domain,node_modules/redent
development,require-directory,2.1.1,MIT,false,false,permissive-or-public-domain,node_modules/require-directory
development,require-from-string,2.0.2,MIT,false,false,permissive-or-public-domain,node_modules/require-from-string
development,resedit,1.7.2,MIT,false,false,permissive-or-public-domain,node_modules/resedit
development,resolve-alpn,1.2.1,MIT,false,false,permissive-or-public-domain,node_modules/resolve-alpn
development,responselike,2.0.1,MIT,false,false,permissive-or-public-domain,node_modules/responselike
development,restore-cursor,3.1.0,MIT,false,false,permissive-or-public-domain,node_modules/restore-cursor
development,retry,0.12.0,MIT,false,false,permissive-or-public-domain,node_modules/retry
development,rimraf,2.6.3,ISC,false,false,permissive-or-public-domain,node_modules/rimraf
development,roarr,2.15.4,BSD-3-Clause,true,false,permissive-or-public-domain,node_modules/roarr
development,rollup,4.59.0,MIT,false,false,permissive-or-public-domain,node_modules/rollup
development,safe-buffer,5.2.1,MIT,false,false,permissive-or-public-domain,node_modules/safe-buffer
development,safer-buffer,2.1.2,MIT,false,false,permissive-or-public-domain,node_modules/safer-buffer
development,sanitize-filename,1.6.3,WTFPL OR ISC,false,false,permissive-or-public-domain,node_modules/sanitize-filename
development,saxes,6.0.0,ISC,false,false,permissive-or-public-domain,node_modules/saxes
development,semver,6.3.1,ISC,false,false,permissive-or-public-domain,node_modules/semver
development,semver-compare,1.0.0,MIT,true,false,permissive-or-public-domain,node_modules/semver-compare
development,serialize-error,7.0.1,MIT,true,false,permissive-or-public-domain,node_modules/serialize-error
development,shebang-command,2.0.0,MIT,false,false,permissive-or-public-domain,node_modules/shebang-command
development,shebang-regex,3.0.0,MIT,false,false,permissive-or-public-domain,node_modules/shebang-regex
development,siginfo,2.0.0,ISC,false,false,permissive-or-public-domain,node_modules/siginfo
development,signal-exit,3.0.7,ISC,false,false,permissive-or-public-domain,node_modules/signal-exit
development,simple-update-notifier,2.0.0,MIT,false,false,permissive-or-public-domain,node_modules/simple-update-notifier
development,simple-update-notifier/node_modules/semver,7.7.4,ISC,false,false,permissive-or-public-domain,node_modules/simple-update-notifier/node_modules/semver
development,slice-ansi,3.0.0,MIT,true,false,permissive-or-public-domain,node_modules/slice-ansi
development,smart-buffer,4.2.0,MIT,false,false,permissive-or-public-domain,node_modules/smart-buffer
development,socks,2.8.7,MIT,false,false,permissive-or-public-domain,node_modules/socks
development,socks-proxy-agent,8.0.5,MIT,false,false,permissive-or-public-domain,node_modules/socks-proxy-agent
development,source-map,0.6.1,BSD-3-Clause,false,false,permissive-or-public-domain,node_modules/source-map
development,source-map-js,1.2.1,BSD-3-Clause,false,false,permissive-or-public-domain,node_modules/source-map-js
development,source-map-support,0.5.21,MIT,false,false,permissive-or-public-domain,node_modules/source-map-support
development,sprintf-js,1.1.3,BSD-3-Clause,true,false,permissive-or-public-domain,node_modules/sprintf-js
development,ssri,12.0.0,ISC,false,false,permissive-or-public-domain,node_modules/ssri
development,stackback,0.0.2,MIT,false,false,permissive-or-public-domain,node_modules/stackback
development,stat-mode,1.0.0,MIT,false,false,permissive-or-public-domain,node_modules/stat-mode
development,std-env,4.0.0,MIT,false,false,permissive-or-public-domain,node_modules/std-env
development,string_decoder,1.3.0,MIT,false,false,permissive-or-public-domain,node_modules/string_decoder
development,string-width,4.2.3,MIT,false,false,permissive-or-public-domain,node_modules/string-width
development,string-width,4.2.3,MIT,false,false,permissive-or-public-domain,node_modules/string-width-cjs
development,strip-ansi,6.0.1,MIT,false,false,permissive-or-public-domain,node_modules/strip-ansi
development,strip-ansi,6.0.1,MIT,false,false,permissive-or-public-domain,node_modules/strip-ansi-cjs
development,strip-indent,3.0.0,MIT,false,false,permissive-or-public-domain,node_modules/strip-indent
development,supports-color,7.2.0,MIT,false,false,permissive-or-public-domain,node_modules/supports-color
development,symbol-tree,3.2.4,MIT,false,false,permissive-or-public-domain,node_modules/symbol-tree
development,tailwindcss,4.2.1,MIT,false,false,permissive-or-public-domain,node_modules/tailwindcss
development,tapable,2.3.0,MIT,false,false,permissive-or-public-domain,node_modules/tapable
development,tar,7.5.9,BlueOak-1.0.0,false,false,permissive-or-public-domain,node_modules/tar
development,tar/node_modules/yallist,5.0.0,BlueOak-1.0.0,false,false,permissive-or-public-domain,node_modules/tar/node_modules/yallist
development,temp,0.9.4,MIT,false,false,permissive-or-public-domain,node_modules/temp
development,temp-file,3.4.0,MIT,false,false,permissive-or-public-domain,node_modules/temp-file
development,temp-file/node_modules/fs-extra,10.1.0,MIT,false,false,permissive-or-public-domain,node_modules/temp-file/node_modules/fs-extra
development,temp-file/node_modules/jsonfile,6.2.0,MIT,false,false,permissive-or-public-domain,node_modules/temp-file/node_modules/jsonfile
development,temp-file/node_modules/universalify,2.0.1,MIT,false,false,permissive-or-public-domain,node_modules/temp-file/node_modules/universalify
development,tiny-async-pool,1.3.0,MIT,false,false,permissive-or-public-domain,node_modules/tiny-async-pool
development,tiny-async-pool/node_modules/semver,5.7.2,ISC,false,false,permissive-or-public-domain,node_modules/tiny-async-pool/node_modules/semver
development,tinybench,2.9.0,MIT,false,false,permissive-or-public-domain,node_modules/tinybench
development,tinyexec,1.0.4,MIT,false,false,permissive-or-public-domain,node_modules/tinyexec
development,tinyglobby,0.2.15,MIT,false,false,permissive-or-public-domain,node_modules/tinyglobby
development,tinyrainbow,3.1.0,MIT,false,false,permissive-or-public-domain,node_modules/tinyrainbow
development,tldts,7.0.27,MIT,false,false,permissive-or-public-domain,node_modules/tldts
development,tldts-core,7.0.27,MIT,false,false,permissive-or-public-domain,node_modules/tldts-core
development,tmp,0.2.5,MIT,false,false,permissive-or-public-domain,node_modules/tmp
development,tmp-promise,3.0.3,MIT,false,false,permissive-or-public-domain,node_modules/tmp-promise
development,tough-cookie,6.0.1,BSD-3-Clause,false,false,permissive-or-public-domain,node_modules/tough-cookie
development,tr46,6.0.0,MIT,false,false,permissive-or-public-domain,node_modules/tr46
development,truncate-utf8-bytes,1.0.2,WTFPL,false,false,permissive-or-public-domain,node_modules/truncate-utf8-bytes
development,ts-api-utils,2.4.0,MIT,false,false,permissive-or-public-domain,node_modules/ts-api-utils
development,type-check,0.4.0,MIT,false,false,permissive-or-public-domain,node_modules/type-check
development,type-fest,0.13.1,(MIT OR CC0-1.0),true,false,permissive-or-public-domain,node_modules/type-fest
development,typescript,5.9.3,Apache-2.0,false,false,permissive-or-public-domain,node_modules/typescript
development,typescript-eslint,8.56.1,MIT,false,false,permissive-or-public-domain,node_modules/typescript-eslint
development,undici-types,7.18.2,MIT,false,false,permissive-or-public-domain,node_modules/undici-types
development,unique-filename,4.0.0,ISC,false,false,permissive-or-public-domain,node_modules/unique-filename
development,unique-slug,5.0.0,ISC,false,false,permissive-or-public-domain,node_modules/unique-slug
development,universalify,0.1.2,MIT,false,false,permissive-or-public-domain,node_modules/universalify
development,update-browserslist-db,1.2.3,MIT,false,false,permissive-or-public-domain,node_modules/update-browserslist-db
development,uri-js,4.4.1,BSD-2-Clause,false,false,permissive-or-public-domain,node_modules/uri-js
development,utf8-byte-length,1.0.5,(WTFPL OR MIT),false,false,permissive-or-public-domain,node_modules/utf8-byte-length
development,util-deprecate,1.0.2,MIT,false,false,permissive-or-public-domain,node_modules/util-deprecate
development,verror,1.10.1,MIT,true,false,permissive-or-public-domain,node_modules/verror
development,vite,7.3.1,MIT,false,false,permissive-or-public-domain,node_modules/vite
development,vite/node_modules/@esbuild/aix-ppc64,0.27.3,MIT,true,false,permissive-or-public-domain,node_modules/vite/node_modules/@esbuild/aix-ppc64
development,vite/node_modules/@esbuild/android-arm,0.27.3,MIT,true,false,permissive-or-public-domain,node_modules/vite/node_modules/@esbuild/android-arm
development,vite/node_modules/@esbuild/android-arm64,0.27.3,MIT,true,false,permissive-or-public-domain,node_modules/vite/node_modules/@esbuild/android-arm64
development,vite/node_modules/@esbuild/android-x64,0.27.3,MIT,true,false,permissive-or-public-domain,node_modules/vite/node_modules/@esbuild/android-x64
development,vite/node_modules/@esbuild/darwin-arm64,0.27.3,MIT,true,false,permissive-or-public-domain,node_modules/vite/node_modules/@esbuild/darwin-arm64
development,vite/node_modules/@esbuild/darwin-x64,0.27.3,MIT,true,false,permissive-or-public-domain,node_modules/vite/node_modules/@esbuild/darwin-x64
development,vite/node_modules/@esbuild/freebsd-arm64,0.27.3,MIT,true,false,permissive-or-public-domain,node_modules/vite/node_modules/@esbuild/freebsd-arm64
development,vite/node_modules/@esbuild/freebsd-x64,0.27.3,MIT,true,false,permissive-or-public-domain,node_modules/vite/node_modules/@esbuild/freebsd-x64
development,vite/node_modules/@esbuild/linux-arm,0.27.3,MIT,true,false,permissive-or-public-domain,node_modules/vite/node_modules/@esbuild/linux-arm
development,vite/node_modules/@esbuild/linux-arm64,0.27.3,MIT,true,false,permissive-or-public-domain,node_modules/vite/node_modules/@esbuild/linux-arm64
development,vite/node_modules/@esbuild/linux-ia32,0.27.3,MIT,true,false,permissive-or-public-domain,node_modules/vite/node_modules/@esbuild/linux-ia32
development,vite/node_modules/@esbuild/linux-loong64,0.27.3,MIT,true,false,permissive-or-public-domain,node_modules/vite/node_modules/@esbuild/linux-loong64
development,vite/node_modules/@esbuild/linux-mips64el,0.27.3,MIT,true,false,permissive-or-public-domain,node_modules/vite/node_modules/@esbuild/linux-mips64el
development,vite/node_modules/@esbuild/linux-ppc64,0.27.3,MIT,true,false,permissive-or-public-domain,node_modules/vite/node_modules/@esbuild/linux-ppc64
development,vite/node_modules/@esbuild/linux-riscv64,0.27.3,MIT,true,false,permissive-or-public-domain,node_modules/vite/node_modules/@esbuild/linux-riscv64
development,vite/node_modules/@esbuild/linux-s390x,0.27.3,MIT,true,false,permissive-or-public-domain,node_modules/vite/node_modules/@esbuild/linux-s390x
development,vite/node_modules/@esbuild/linux-x64,0.27.3,MIT,true,false,permissive-or-public-domain,node_modules/vite/node_modules/@esbuild/linux-x64
development,vite/node_modules/@esbuild/netbsd-arm64,0.27.3,MIT,true,false,permissive-or-public-domain,node_modules/vite/node_modules/@esbuild/netbsd-arm64
development,vite/node_modules/@esbuild/netbsd-x64,0.27.3,MIT,true,false,permissive-or-public-domain,node_modules/vite/node_modules/@esbuild/netbsd-x64
development,vite/node_modules/@esbuild/openbsd-arm64,0.27.3,MIT,true,false,permissive-or-public-domain,node_modules/vite/node_modules/@esbuild/openbsd-arm64
development,vite/node_modules/@esbuild/openbsd-x64,0.27.3,MIT,true,false,permissive-or-public-domain,node_modules/vite/node_modules/@esbuild/openbsd-x64
development,vite/node_modules/@esbuild/openharmony-arm64,0.27.3,MIT,true,false,permissive-or-public-domain,node_modules/vite/node_modules/@esbuild/openharmony-arm64
development,vite/node_modules/@esbuild/sunos-x64,0.27.3,MIT,true,false,permissive-or-public-domain,node_modules/vite/node_modules/@esbuild/sunos-x64
development,vite/node_modules/@esbuild/win32-arm64,0.27.3,MIT,true,false,permissive-or-public-domain,node_modules/vite/node_modules/@esbuild/win32-arm64
development,vite/node_modules/@esbuild/win32-ia32,0.27.3,MIT,true,false,permissive-or-public-domain,node_modules/vite/node_modules/@esbuild/win32-ia32
development,vite/node_modules/@esbuild/win32-x64,0.27.3,MIT,true,false,permissive-or-public-domain,node_modules/vite/node_modules/@esbuild/win32-x64
development,vite/node_modules/esbuild,0.27.3,MIT,false,true,permissive-or-public-domain,node_modules/vite/node_modules/esbuild
development,vitest,4.1.0,MIT,false,false,permissive-or-public-domain,node_modules/vitest
development,w3c-xmlserializer,5.0.0,MIT,false,false,permissive-or-public-domain,node_modules/w3c-xmlserializer
development,wcwidth,1.0.1,MIT,false,false,permissive-or-public-domain,node_modules/wcwidth
development,webidl-conversions,8.0.1,BSD-2-Clause,false,false,permissive-or-public-domain,node_modules/webidl-conversions
development,whatwg-mimetype,5.0.0,MIT,false,false,permissive-or-public-domain,node_modules/whatwg-mimetype
development,whatwg-url,16.0.1,MIT,false,false,permissive-or-public-domain,node_modules/whatwg-url
development,which,5.0.0,ISC,false,false,permissive-or-public-domain,node_modules/which
development,why-is-node-running,2.3.0,MIT,false,false,permissive-or-public-domain,node_modules/why-is-node-running
development,word-wrap,1.2.5,MIT,false,false,permissive-or-public-domain,node_modules/word-wrap
development,wrap-ansi,7.0.0,MIT,false,false,permissive-or-public-domain,node_modules/wrap-ansi
development,wrap-ansi,7.0.0,MIT,false,false,permissive-or-public-domain,node_modules/wrap-ansi-cjs
development,wrappy,1.0.2,ISC,false,false,permissive-or-public-domain,node_modules/wrappy
development,xml-name-validator,5.0.0,Apache-2.0,false,false,permissive-or-public-domain,node_modules/xml-name-validator
development,xmlbuilder,15.1.1,MIT,false,false,permissive-or-public-domain,node_modules/xmlbuilder
development,xmlchars,2.2.0,MIT,false,false,permissive-or-public-domain,node_modules/xmlchars
development,y18n,5.0.8,ISC,false,false,permissive-or-public-domain,node_modules/y18n
development,yallist,3.1.1,ISC,false,false,permissive-or-public-domain,node_modules/yallist
development,yargs,17.7.2,MIT,false,false,permissive-or-public-domain,node_modules/yargs
development,yargs-parser,21.1.1,ISC,false,false,permissive-or-public-domain,node_modules/yargs-parser
development,yocto-queue,0.1.0,MIT,false,false,permissive-or-public-domain,node_modules/yocto-queue
production,@electron-internal/extract-zip,1.0.4,BSD-2-Clause,false,false,permissive-or-public-domain,node_modules/@electron-internal/extract-zip
production,@electron-toolkit/preload,3.0.2,MIT,false,false,permissive-or-public-domain,node_modules/@electron-toolkit/preload
production,@electron-toolkit/utils,4.0.0,MIT,false,false,permissive-or-public-domain,node_modules/@electron-toolkit/utils
production,@electron/get,5.0.0,MIT,false,false,permissive-or-public-domain,node_modules/@electron/get
production,@electron/get/node_modules/env-paths,3.0.0,MIT,false,false,permissive-or-public-domain,node_modules/@electron/get/node_modules/env-paths
production,@electron/get/node_modules/semver,7.8.5,ISC,false,false,permissive-or-public-domain,node_modules/@electron/get/node_modules/semver
production,@reduxjs/toolkit,2.11.2,MIT,false,false,permissive-or-public-domain,node_modules/@reduxjs/toolkit
production,@reduxjs/toolkit/node_modules/immer,11.1.4,MIT,false,false,permissive-or-public-domain,node_modules/@reduxjs/toolkit/node_modules/immer
production,@standard-schema/spec,1.1.0,MIT,false,false,permissive-or-public-domain,node_modules/@standard-schema/spec
production,@standard-schema/utils,0.3.0,MIT,false,false,permissive-or-public-domain,node_modules/@standard-schema/utils
production,@tanstack/react-virtual,3.14.7,MIT,false,false,permissive-or-public-domain,node_modules/@tanstack/react-virtual
production,@tanstack/virtual-core,3.17.5,MIT,false,false,permissive-or-public-domain,node_modules/@tanstack/virtual-core
production,@types/d3-array,3.2.2,MIT,false,false,permissive-or-public-domain,node_modules/@types/d3-array
production,@types/d3-color,3.1.3,MIT,false,false,permissive-or-public-domain,node_modules/@types/d3-color
production,@types/d3-ease,3.0.2,MIT,false,false,permissive-or-public-domain,node_modules/@types/d3-ease
production,@types/d3-interpolate,3.0.4,MIT,false,false,permissive-or-public-domain,node_modules/@types/d3-interpolate
production,@types/d3-path,3.1.1,MIT,false,false,permissive-or-public-domain,node_modules/@types/d3-path
production,@types/d3-scale,4.0.9,MIT,false,false,permissive-or-public-domain,node_modules/@types/d3-scale
production,@types/d3-shape,3.1.8,MIT,false,false,permissive-or-public-domain,node_modules/@types/d3-shape
production,@types/d3-time,3.0.4,MIT,false,false,permissive-or-public-domain,node_modules/@types/d3-time
production,@types/d3-timer,3.0.2,MIT,false,false,permissive-or-public-domain,node_modules/@types/d3-timer
production,@types/debug,4.1.12,MIT,false,false,permissive-or-public-domain,node_modules/@types/debug
production,@types/estree,1.0.8,MIT,false,false,permissive-or-public-domain,node_modules/@types/estree
production,@types/estree-jsx,1.0.5,MIT,false,false,permissive-or-public-domain,node_modules/@types/estree-jsx
production,@types/hast,3.0.4,MIT,false,false,permissive-or-public-domain,node_modules/@types/hast
production,@types/mdast,4.0.4,MIT,false,false,permissive-or-public-domain,node_modules/@types/mdast
production,@types/ms,2.1.0,MIT,false,false,permissive-or-public-domain,node_modules/@types/ms
production,@types/react,19.2.14,MIT,false,false,permissive-or-public-domain,node_modules/@types/react
production,@types/unist,3.0.3,MIT,false,false,permissive-or-public-domain,node_modules/@types/unist
production,@types/use-sync-external-store,0.0.6,MIT,false,false,permissive-or-public-domain,node_modules/@types/use-sync-external-store
production,@ungap/structured-clone,1.3.0,ISC,false,false,permissive-or-public-domain,node_modules/@ungap/structured-clone
production,argparse,2.0.1,Python-2.0,false,false,permissive-or-public-domain,node_modules/argparse
production,bail,2.0.2,MIT,false,false,permissive-or-public-domain,node_modules/bail
production,better-sqlite3,13.0.1,MIT,false,true,permissive-or-public-domain,node_modules/better-sqlite3
production,better-sqlite3/node_modules/node-addon-api,8.9.0,MIT,false,false,permissive-or-public-domain,node_modules/better-sqlite3/node_modules/node-addon-api
production,ccount,2.0.1,MIT,false,false,permissive-or-public-domain,node_modules/ccount
production,character-entities,2.0.2,MIT,false,false,permissive-or-public-domain,node_modules/character-entities
production,character-entities-html4,2.1.0,MIT,false,false,permissive-or-public-domain,node_modules/character-entities-html4
production,character-entities-legacy,3.0.0,MIT,false,false,permissive-or-public-domain,node_modules/character-entities-legacy
production,character-reference-invalid,2.0.1,MIT,false,false,permissive-or-public-domain,node_modules/character-reference-invalid
production,chokidar,5.0.0,MIT,false,false,permissive-or-public-domain,node_modules/chokidar
production,clsx,2.1.1,MIT,false,false,permissive-or-public-domain,node_modules/clsx
production,comma-separated-tokens,2.0.3,MIT,false,false,permissive-or-public-domain,node_modules/comma-separated-tokens
production,csstype,3.2.3,MIT,false,false,permissive-or-public-domain,node_modules/csstype
production,d3-array,3.2.4,ISC,false,false,permissive-or-public-domain,node_modules/d3-array
production,d3-color,3.1.0,ISC,false,false,permissive-or-public-domain,node_modules/d3-color
production,d3-ease,3.0.1,BSD-3-Clause,false,false,permissive-or-public-domain,node_modules/d3-ease
production,d3-format,3.1.2,ISC,false,false,permissive-or-public-domain,node_modules/d3-format
production,d3-interpolate,3.0.1,ISC,false,false,permissive-or-public-domain,node_modules/d3-interpolate
production,d3-path,3.1.0,ISC,false,false,permissive-or-public-domain,node_modules/d3-path
production,d3-scale,4.0.2,ISC,false,false,permissive-or-public-domain,node_modules/d3-scale
production,d3-shape,3.2.0,ISC,false,false,permissive-or-public-domain,node_modules/d3-shape
production,d3-time,3.1.0,ISC,false,false,permissive-or-public-domain,node_modules/d3-time
production,d3-time-format,4.1.0,ISC,false,false,permissive-or-public-domain,node_modules/d3-time-format
production,d3-timer,3.0.1,ISC,false,false,permissive-or-public-domain,node_modules/d3-timer
production,debug,4.4.3,MIT,false,false,permissive-or-public-domain,node_modules/debug
production,decimal.js-light,2.5.1,MIT,false,false,permissive-or-public-domain,node_modules/decimal.js-light
production,decode-named-character-reference,1.3.0,MIT,false,false,permissive-or-public-domain,node_modules/decode-named-character-reference
production,dequal,2.0.3,MIT,false,false,permissive-or-public-domain,node_modules/dequal
production,devlop,1.1.0,MIT,false,false,permissive-or-public-domain,node_modules/devlop
production,electron,40.10.6,MIT,false,true,permissive-or-public-domain,node_modules/electron
production,electron-updater,6.8.9,MIT,false,false,permissive-or-public-domain,node_modules/electron-updater
production,electron-updater/node_modules/builder-util-runtime,9.7.0,MIT,false,false,permissive-or-public-domain,node_modules/electron-updater/node_modules/builder-util-runtime
production,electron-updater/node_modules/fs-extra,10.1.0,MIT,false,false,permissive-or-public-domain,node_modules/electron-updater/node_modules/fs-extra
production,electron-updater/node_modules/jsonfile,6.2.0,MIT,false,false,permissive-or-public-domain,node_modules/electron-updater/node_modules/jsonfile
production,electron-updater/node_modules/semver,7.7.4,ISC,false,false,permissive-or-public-domain,node_modules/electron-updater/node_modules/semver
production,electron-updater/node_modules/universalify,2.0.1,MIT,false,false,permissive-or-public-domain,node_modules/electron-updater/node_modules/universalify
production,electron/node_modules/@types/node,24.11.0,MIT,false,false,permissive-or-public-domain,node_modules/electron/node_modules/@types/node
production,electron/node_modules/undici-types,7.16.0,MIT,false,false,permissive-or-public-domain,node_modules/electron/node_modules/undici-types
production,es-toolkit,1.46.0,MIT,false,false,permissive-or-public-domain,node_modules/es-toolkit
production,estree-util-is-identifier-name,3.0.0,MIT,false,false,permissive-or-public-domain,node_modules/estree-util-is-identifier-name
production,eventemitter3,5.0.4,MIT,false,false,permissive-or-public-domain,node_modules/eventemitter3
production,extend,3.0.2,MIT,false,false,permissive-or-public-domain,node_modules/extend
production,fsevents,2.3.3,MIT,true,true,permissive-or-public-domain,node_modules/fsevents
production,graceful-fs,4.2.11,ISC,false,false,permissive-or-public-domain,node_modules/graceful-fs
production,hast-util-to-jsx-runtime,2.3.6,MIT,false,false,permissive-or-public-domain,node_modules/hast-util-to-jsx-runtime
production,hast-util-whitespace,3.0.0,MIT,false,false,permissive-or-public-domain,node_modules/hast-util-whitespace
production,html-url-attributes,3.0.1,MIT,false,false,permissive-or-public-domain,node_modules/html-url-attributes
production,immer,10.2.0,MIT,false,false,permissive-or-public-domain,node_modules/immer
production,inline-style-parser,0.2.7,MIT,false,false,permissive-or-public-domain,node_modules/inline-style-parser
production,internmap,2.0.3,ISC,false,false,permissive-or-public-domain,node_modules/internmap
production,is-alphabetical,2.0.1,MIT,false,false,permissive-or-public-domain,node_modules/is-alphabetical
production,is-alphanumerical,2.0.1,MIT,false,false,permissive-or-public-domain,node_modules/is-alphanumerical
production,is-decimal,2.0.1,MIT,false,false,permissive-or-public-domain,node_modules/is-decimal
production,is-hexadecimal,2.0.1,MIT,false,false,permissive-or-public-domain,node_modules/is-hexadecimal
production,is-plain-obj,4.1.0,MIT,false,false,permissive-or-public-domain,node_modules/is-plain-obj
production,js-yaml,4.3.0,MIT,false,false,permissive-or-public-domain,node_modules/js-yaml
production,lazy-val,1.0.5,MIT,false,false,permissive-or-public-domain,node_modules/lazy-val
production,lodash.escaperegexp,4.1.2,MIT,false,false,permissive-or-public-domain,node_modules/lodash.escaperegexp
production,lodash.isequal,4.5.0,MIT,false,false,permissive-or-public-domain,node_modules/lodash.isequal
production,longest-streak,3.1.0,MIT,false,false,permissive-or-public-domain,node_modules/longest-streak
production,lucide-react,0.577.0,ISC,false,false,permissive-or-public-domain,node_modules/lucide-react
production,markdown-table,3.0.4,MIT,false,false,permissive-or-public-domain,node_modules/markdown-table
production,mdast-util-find-and-replace,3.0.2,MIT,false,false,permissive-or-public-domain,node_modules/mdast-util-find-and-replace
production,mdast-util-find-and-replace/node_modules/escape-string-regexp,5.0.0,MIT,false,false,permissive-or-public-domain,node_modules/mdast-util-find-and-replace/node_modules/escape-string-regexp
production,mdast-util-from-markdown,2.0.3,MIT,false,false,permissive-or-public-domain,node_modules/mdast-util-from-markdown
production,mdast-util-gfm,3.1.0,MIT,false,false,permissive-or-public-domain,node_modules/mdast-util-gfm
production,mdast-util-gfm-autolink-literal,2.0.1,MIT,false,false,permissive-or-public-domain,node_modules/mdast-util-gfm-autolink-literal
production,mdast-util-gfm-footnote,2.1.0,MIT,false,false,permissive-or-public-domain,node_modules/mdast-util-gfm-footnote
production,mdast-util-gfm-strikethrough,2.0.0,MIT,false,false,permissive-or-public-domain,node_modules/mdast-util-gfm-strikethrough
production,mdast-util-gfm-table,2.0.0,MIT,false,false,permissive-or-public-domain,node_modules/mdast-util-gfm-table
production,mdast-util-gfm-task-list-item,2.0.0,MIT,false,false,permissive-or-public-domain,node_modules/mdast-util-gfm-task-list-item
production,mdast-util-mdx-expression,2.0.1,MIT,false,false,permissive-or-public-domain,node_modules/mdast-util-mdx-expression
production,mdast-util-mdx-jsx,3.2.0,MIT,false,false,permissive-or-public-domain,node_modules/mdast-util-mdx-jsx
production,mdast-util-mdxjs-esm,2.0.1,MIT,false,false,permissive-or-public-domain,node_modules/mdast-util-mdxjs-esm
production,mdast-util-phrasing,4.1.0,MIT,false,false,permissive-or-public-domain,node_modules/mdast-util-phrasing
production,mdast-util-to-hast,13.2.1,MIT,false,false,permissive-or-public-domain,node_modules/mdast-util-to-hast
production,mdast-util-to-markdown,2.1.2,MIT,false,false,permissive-or-public-domain,node_modules/mdast-util-to-markdown
production,mdast-util-to-string,4.0.0,MIT,false,false,permissive-or-public-domain,node_modules/mdast-util-to-string
production,micromark,4.0.2,MIT,false,false,permissive-or-public-domain,node_modules/micromark
production,micromark-core-commonmark,2.0.3,MIT,false,false,permissive-or-public-domain,node_modules/micromark-core-commonmark
production,micromark-extension-gfm,3.0.0,MIT,false,false,permissive-or-public-domain,node_modules/micromark-extension-gfm
production,micromark-extension-gfm-autolink-literal,2.1.0,MIT,false,false,permissive-or-public-domain,node_modules/micromark-extension-gfm-autolink-literal
production,micromark-extension-gfm-footnote,2.1.0,MIT,false,false,permissive-or-public-domain,node_modules/micromark-extension-gfm-footnote
production,micromark-extension-gfm-strikethrough,2.1.0,MIT,false,false,permissive-or-public-domain,node_modules/micromark-extension-gfm-strikethrough
production,micromark-extension-gfm-table,2.1.1,MIT,false,false,permissive-or-public-domain,node_modules/micromark-extension-gfm-table
production,micromark-extension-gfm-tagfilter,2.0.0,MIT,false,false,permissive-or-public-domain,node_modules/micromark-extension-gfm-tagfilter
production,micromark-extension-gfm-task-list-item,2.1.0,MIT,false,false,permissive-or-public-domain,node_modules/micromark-extension-gfm-task-list-item
production,micromark-factory-destination,2.0.1,MIT,false,false,permissive-or-public-domain,node_modules/micromark-factory-destination
production,micromark-factory-label,2.0.1,MIT,false,false,permissive-or-public-domain,node_modules/micromark-factory-label
production,micromark-factory-space,2.0.1,MIT,false,false,permissive-or-public-domain,node_modules/micromark-factory-space
production,micromark-factory-title,2.0.1,MIT,false,false,permissive-or-public-domain,node_modules/micromark-factory-title
production,micromark-factory-whitespace,2.0.1,MIT,false,false,permissive-or-public-domain,node_modules/micromark-factory-whitespace
production,micromark-util-character,2.1.1,MIT,false,false,permissive-or-public-domain,node_modules/micromark-util-character
production,micromark-util-chunked,2.0.1,MIT,false,false,permissive-or-public-domain,node_modules/micromark-util-chunked
production,micromark-util-classify-character,2.0.1,MIT,false,false,permissive-or-public-domain,node_modules/micromark-util-classify-character
production,micromark-util-combine-extensions,2.0.1,MIT,false,false,permissive-or-public-domain,node_modules/micromark-util-combine-extensions
production,micromark-util-decode-numeric-character-reference,2.0.2,MIT,false,false,permissive-or-public-domain,node_modules/micromark-util-decode-numeric-character-reference
production,micromark-util-decode-string,2.0.1,MIT,false,false,permissive-or-public-domain,node_modules/micromark-util-decode-string
production,micromark-util-encode,2.0.1,MIT,false,false,permissive-or-public-domain,node_modules/micromark-util-encode
production,micromark-util-html-tag-name,2.0.1,MIT,false,false,permissive-or-public-domain,node_modules/micromark-util-html-tag-name
production,micromark-util-normalize-identifier,2.0.1,MIT,false,false,permissive-or-public-domain,node_modules/micromark-util-normalize-identifier
production,micromark-util-resolve-all,2.0.1,MIT,false,false,permissive-or-public-domain,node_modules/micromark-util-resolve-all
production,micromark-util-sanitize-uri,2.0.1,MIT,false,false,permissive-or-public-domain,node_modules/micromark-util-sanitize-uri
production,micromark-util-subtokenize,2.1.0,MIT,false,false,permissive-or-public-domain,node_modules/micromark-util-subtokenize
production,micromark-util-symbol,2.0.1,MIT,false,false,permissive-or-public-domain,node_modules/micromark-util-symbol
production,micromark-util-types,2.0.2,MIT,false,false,permissive-or-public-domain,node_modules/micromark-util-types
production,ms,2.1.3,MIT,false,false,permissive-or-public-domain,node_modules/ms
production,parse-entities,4.0.2,MIT,false,false,permissive-or-public-domain,node_modules/parse-entities
production,parse-entities/node_modules/@types/unist,2.0.11,MIT,false,false,permissive-or-public-domain,node_modules/parse-entities/node_modules/@types/unist
production,progress,2.0.3,MIT,false,false,permissive-or-public-domain,node_modules/progress
production,property-information,7.1.0,MIT,false,false,permissive-or-public-domain,node_modules/property-information
production,react,19.2.4,MIT,false,false,permissive-or-public-domain,node_modules/react
production,react-dom,19.2.4,MIT,false,false,permissive-or-public-domain,node_modules/react-dom
production,react-is,17.0.2,MIT,false,false,permissive-or-public-domain,node_modules/react-is
production,react-markdown,10.1.0,MIT,false,false,permissive-or-public-domain,node_modules/react-markdown
production,react-redux,9.2.0,MIT,false,false,permissive-or-public-domain,node_modules/react-redux
production,readdirp,5.0.0,MIT,false,false,permissive-or-public-domain,node_modules/readdirp
production,recharts,3.8.1,MIT,false,false,permissive-or-public-domain,node_modules/recharts
production,redux,5.0.1,MIT,false,false,permissive-or-public-domain,node_modules/redux
production,redux-thunk,3.1.0,MIT,false,false,permissive-or-public-domain,node_modules/redux-thunk
production,remark-gfm,4.0.1,MIT,false,false,permissive-or-public-domain,node_modules/remark-gfm
production,remark-parse,11.0.0,MIT,false,false,permissive-or-public-domain,node_modules/remark-parse
production,remark-rehype,11.1.2,MIT,false,false,permissive-or-public-domain,node_modules/remark-rehype
production,remark-stringify,11.0.0,MIT,false,false,permissive-or-public-domain,node_modules/remark-stringify
production,reselect,5.1.1,MIT,false,false,permissive-or-public-domain,node_modules/reselect
production,sax,1.5.0,BlueOak-1.0.0,false,false,permissive-or-public-domain,node_modules/sax
production,scheduler,0.27.0,MIT,false,false,permissive-or-public-domain,node_modules/scheduler
production,space-separated-tokens,2.0.2,MIT,false,false,permissive-or-public-domain,node_modules/space-separated-tokens
production,stringify-entities,4.0.4,MIT,false,false,permissive-or-public-domain,node_modules/stringify-entities
production,style-to-js,1.1.21,MIT,false,false,permissive-or-public-domain,node_modules/style-to-js
production,style-to-object,1.0.14,MIT,false,false,permissive-or-public-domain,node_modules/style-to-object
production,sumchecker,3.0.1,Apache-2.0,false,false,permissive-or-public-domain,node_modules/sumchecker
production,tiny-invariant,1.3.3,MIT,false,false,permissive-or-public-domain,node_modules/tiny-invariant
production,tiny-typed-emitter,2.1.0,MIT,false,false,permissive-or-public-domain,node_modules/tiny-typed-emitter
production,trim-lines,3.0.1,MIT,false,false,permissive-or-public-domain,node_modules/trim-lines
production,trough,2.2.0,MIT,false,false,permissive-or-public-domain,node_modules/trough
production,undici,7.28.0,MIT,false,false,permissive-or-public-domain,node_modules/undici
production,unified,11.0.5,MIT,false,false,permissive-or-public-domain,node_modules/unified
production,unist-util-is,6.0.1,MIT,false,false,permissive-or-public-domain,node_modules/unist-util-is
production,unist-util-position,5.0.0,MIT,false,false,permissive-or-public-domain,node_modules/unist-util-position
production,unist-util-stringify-position,4.0.0,MIT,false,false,permissive-or-public-domain,node_modules/unist-util-stringify-position
production,unist-util-visit,5.1.0,MIT,false,false,permissive-or-public-domain,node_modules/unist-util-visit
production,unist-util-visit-parents,6.0.2,MIT,false,false,permissive-or-public-domain,node_modules/unist-util-visit-parents
production,use-sync-external-store,1.6.0,MIT,false,false,permissive-or-public-domain,node_modules/use-sync-external-store
production,vfile,6.0.3,MIT,false,false,permissive-or-public-domain,node_modules/vfile
production,vfile-message,4.0.3,MIT,false,false,permissive-or-public-domain,node_modules/vfile-message
production,victory-vendor,37.3.6,MIT AND ISC,false,false,permissive-or-public-domain,node_modules/victory-vendor
production,zustand,5.0.11,MIT,false,false,permissive-or-public-domain,node_modules/zustand
production,zwitch,2.0.4,MIT,false,false,permissive-or-public-domain,node_modules/zwitch
